gene	BEC	Compact vFibro	EPDC	Epicardial	LEC	Neuronal	Pericyte	Proliferating vFibro	Trabecular vFibro	VEC	VIC	VSMC	WBC	aCM-LA	aCM-RA	aEndocardial	aFibro	adFibro	ncCM-AVC-like	ncCM-IFT-like	vCM-IVS-His	vCM-LV-AV	vCM-LV-Compact I	vCM-LV-Compact II	vCM-LV-Hybrid	vCM-LV-Trabecular I	vCM-LV-Trabecular II	vCM-LV/RV-Purkinje	vCM-RV-AV	vCM-RV-Compact	vCM-RV-Hybrid	vCM-RV-Proliferating	vCM-RV-Trabecular	vEndocardial
GATA4	1.4694	3.4483	3.1573	3.0170	1.5226	2.1893	2.8543	3.3976	3.3447	3.3943	3.3352	2.4748	1.5488	3.9488	3.8402	3.4417	3.1018	2.2876	3.7694	3.3886	3.4879	3.2274	3.7591	3.3910	4.0197	3.4469	3.8486	3.5821	3.0860	3.8333	3.6465	3.3593	3.8246	3.5377
GATA6	1.8185	2.7734	2.6562	2.5652	1.6287	1.9350	2.5194	2.7902	2.7893	3.1288	2.7710	2.4787	0.8372	3.2833	3.1888	2.9946	2.6744	2.4303	3.3101	2.9738	2.7036	2.9134	3.3160	2.9894	3.4889	2.9757	3.2577	2.8163	2.6498	3.3369	3.1714	2.9906	3.3428	3.1056
NKX2-5	1.3107	1.3935	1.2828	1.2829	1.0975	1.2972	1.5801	1.3881	1.2919	0.8962	1.2707	1.2837	0.7487	3.2955	3.1427	0.8638	1.2812	1.1173	3.1189	2.3779	2.0872	2.1353	3.3462	3.0724	3.7153	2.9230	3.4405	2.8816	1.6424	3.6118	3.4314	2.9627	3.4496	1.2356
TBX5	0.6368	1.9367	2.0210	1.9121	1.1199	1.5470	1.5346	1.9790	1.8548	1.2011	2.1348	1.7481	0.5997	3.3806	3.2932	1.1419	1.9611	2.0991	3.0661	2.5650	2.5506	2.3107	2.6883	2.3238	2.8760	2.4704	2.8642	2.7239	1.9177	2.4903	2.3636	2.1518	2.5637	1.2555
TBX20	0.7400	3.1213	2.6928	2.4413	1.1305	1.9229	1.7835	2.9515	2.8047	1.9611	2.9928	1.7897	0.7258	3.1225	2.9937	1.5869	2.6797	1.5462	2.8170	2.3922	2.7835	2.2314	3.1305	2.8029	3.3073	2.6461	2.9832	2.5127	2.2265	3.2064	3.0042	2.6878	3.1296	1.8090
TBX1	1.1253	0.8139	0.9193	0.8919	1.4948	0.9524	1.1643	0.8705	0.9501	1.0393	1.1167	1.1903	1.0124	1.2257	1.2137	1.0302	0.9929	1.0291	1.0934	1.1907	1.3698	1.2411	1.1974	1.1613	1.2291	1.2072	1.2327	1.1793	1.1435	1.1853	1.1401	1.2062	1.2154	1.0619
HAND1	1.1930	1.1404	1.1644	1.1858	1.0750	1.3002	1.2339	1.1310	1.1173	1.3289	1.2429	1.2087	0.9658	1.5453	1.5173	1.4384	1.2069	1.1484	1.2905	1.2936	1.0964	1.4487	2.1238	1.9570	2.2292	1.7555	1.9460	1.6162	1.3181	2.1465	2.0672	1.8575	1.9861	1.4136
HAND2	1.7504	2.8666	2.6683	2.5735	1.4305	2.4842	2.1170	2.8460	2.7315	3.1010	2.8143	2.2017	1.1680	3.5359	3.4050	3.0713	2.6086	1.9260	2.9651	2.8521	2.7965	2.6617	3.4196	3.0765	3.5679	2.9227	3.2824	2.9166	2.5124	3.4791	3.3478	3.0218	3.4059	3.1067
MEIS2	1.4439	2.8479	2.6833	2.6225	2.1327	1.9548	2.2084	2.7376	2.5822	2.4389	2.6253	2.0723	1.2845	1.9657	2.0443	2.4446	2.6099	2.2553	1.7270	1.8869	2.0134	2.1067	2.5880	2.3151	2.6198	2.2209	2.4002	2.2045	2.0979	2.6331	2.5150	2.3407	2.5789	2.2814
MYH6	0.5591	0.5439	0.5763	0.5491	0.5592	0.6424	0.6579	0.5465	0.5356	0.7720	0.5665	0.6296	0.5650	2.4037	2.2042	0.7680	0.5669	0.5288	2.1866	1.6506	1.1228	1.0509	1.4616	1.3815	1.6042	1.3318	1.4989	1.3721	0.7845	1.5082	1.4471	1.2532	1.4319	0.8193
MYH7	1.9051	1.8156	1.8895	1.8122	1.8290	2.1253	2.0150	1.7998	1.8416	2.4062	1.8975	1.9136	1.8632	3.2197	3.0551	2.4718	1.8378	1.7441	3.0220	2.5879	2.2813	2.5161	3.3395	3.1597	3.6093	2.9468	3.3292	2.8388	2.1311	3.4788	3.3209	2.9791	3.3159	2.4718
MYBPC3	0.8099	0.5812	0.5667	0.5387	0.6952	0.5867	0.5984	0.6071	0.5617	0.6448	0.6153	0.6162	0.5604	1.9494	1.8062	0.7172	0.5422	0.6252	1.6938	1.4500	1.2985	1.2326	1.8816	1.6955	2.0658	1.5677	1.8182	1.5655	0.8428	1.9569	1.8223	1.5589	1.8420	0.7958
TNNT2	1.8504	1.5254	1.4518	1.5120	1.3853	1.6451	1.5052	1.5434	1.5080	1.4009	1.5242	1.5904	0.7369	3.2339	3.0447	1.4055	1.4848	1.4501	2.8294	2.5751	2.2102	2.0284	3.0011	2.7216	3.2904	2.6457	3.0872	2.6292	1.8488	3.1588	3.0009	2.6630	3.0512	1.6233
TNNI3	1.1574	1.2735	1.2648	1.2761	1.1508	1.3776	1.5058	1.2955	1.3202	1.4399	1.3092	1.3524	0.9147	1.7645	1.8039	1.6375	1.1783	1.0918	2.1766	1.8595	1.2701	1.4913	2.1354	1.9639	2.3012	1.9221	2.1501	1.7445	1.3965	2.1142	1.9534	1.8833	2.1041	1.6508
TNNC1	1.7641	1.5560	1.4776	1.4422	1.3754	1.5462	1.7483	1.5894	1.5274	1.7696	1.4677	1.5517	1.9317	1.9471	1.9237	1.8045	1.4427	1.2394	2.0095	1.7682	1.6724	1.7466	2.3033	2.1633	2.4260	2.0337	2.2465	2.0229	1.8503	2.4145	2.3531	2.1687	2.3500	1.8153
ACTC1	0.6901	0.5535	0.5398	0.5963	0.7518	0.8924	0.7067	0.5788	0.5827	0.6044	0.6016	0.6683	0.4446	2.3835	2.1373	0.5882	0.5249	0.7113	2.5187	1.8581	1.5663	1.2762	2.1903	1.9698	2.5272	1.9191	2.2718	2.0380	0.8895	2.3909	2.1785	1.7888	2.2503	0.8315
ACTN2	0.2829	0.8096	0.8171	0.8235	0.5527	0.6722	0.6601	0.9233	0.8345	0.6318	0.8005	0.7569	0.4437	2.0101	1.8702	0.6304	0.8231	0.7955	1.9906	1.4648	1.3958	1.3029	1.9994	1.7773	2.1994	1.6683	2.0135	1.6928	1.0389	2.0936	1.9945	1.7410	2.0010	0.7782
TPM1	1.7762	1.6541	1.6480	1.6038	1.5115	1.7402	2.0637	1.7548	1.8767	2.0530	2.0611	2.0336	1.7825	2.7217	2.5668	2.0619	1.7844	1.5652	3.0980	2.4515	2.6605	2.3424	2.8658	2.6571	3.0647	2.6823	2.9016	2.5236	2.2139	2.9091	2.7515	2.5091	2.8070	2.1329
TTN	0.5470	0.6573	0.6008	0.5910	0.6752	0.5184	0.7814	0.7117	0.6366	0.6478	0.5858	0.5641	0.4295	1.9697	1.8943	0.6607	0.6380	0.5251	1.8310	1.4841	1.0405	1.2039	1.9418	1.6363	2.2266	1.5214	1.9831	1.6251	0.8555	2.1161	1.9045	1.4608	1.9789	0.8589
MYL2	0.4166	0.3403	0.3506	0.3619	0.3782	0.3133	0.4092	0.3723	0.3547	0.4088	0.3216	0.3732	0.4363	0.8455	0.8110	0.3617	0.3616	0.3863	0.7348	0.6102	0.8235	0.8453	1.8912	1.6330	2.1578	1.4871	1.8906	1.4494	0.6424	2.0767	1.9357	1.5125	1.9050	0.5761
MYL3	2.0131	2.3411	2.4238	2.3225	2.1319	2.4647	2.6982	2.4022	2.4068	2.4185	2.5073	2.6446	1.9788	2.9448	2.9529	2.4265	2.4982	2.4847	3.2043	2.7836	2.9334	2.6402	3.3917	3.1440	3.5702	3.0847	3.3847	3.1860	2.5859	3.4688	3.2767	3.0121	3.4169	2.4560
DES	0.8091	1.7792	1.9447	1.9528	1.3736	1.8453	1.6820	1.8257	1.8460	1.5678	2.0233	1.9799	0.9606	3.3526	3.2549	1.5362	1.9322	1.8901	3.7119	3.0535	2.7746	2.2865	3.1150	2.8470	3.3657	2.8341	3.1323	3.0348	2.1478	3.1965	3.0775	2.7825	3.1090	1.6802
VCL	2.0163	1.8149	1.6146	1.5988	1.3300	1.6308	1.6992	1.8171	1.7457	1.7941	1.7450	1.7261	1.0186	1.5018	1.4302	1.8277	1.6068	1.3951	1.7407	1.6579	1.5822	1.4522	1.4948	1.3187	1.4631	1.3674	1.3640	1.4661	1.8235	1.4264	1.2989	1.3877	1.4499	1.7054
PLN	0.7037	0.7794	0.7219	0.6876	0.7901	0.8009	0.8625	0.8126	0.7772	0.7856	0.6830	0.8158	0.5438	1.8900	1.7960	0.7999	0.7294	0.6552	1.5385	1.3896	0.8901	1.0452	1.8793	1.6665	2.1149	1.6259	1.9080	1.6012	0.9019	2.0816	1.9320	1.5543	1.9771	0.9661
SCN5A	0.5082	0.7854	0.6263	0.6783	0.6152	0.7906	0.7132	0.7815	0.6730	0.7744	0.5821	0.5296	0.4805	2.6168	2.5664	0.6255	0.6337	0.5229	2.1653	1.7637	1.2784	1.1780	2.6661	2.3307	3.0568	2.2738	2.8133	2.3922	0.8840	2.8397	2.6290	2.0756	2.6910	0.9509
GJA1	1.1346	0.5875	0.5436	0.6287	1.1320	0.6979	0.4831	0.5643	0.5373	0.7638	0.4974	0.6235	0.2892	1.3134	1.1973	0.9078	0.5580	0.7985	0.5900	0.8760	0.5649	0.7522	1.5944	1.4288	1.8311	1.3118	1.6364	1.2351	0.7126	1.7845	1.6398	1.3740	1.6778	0.9213
NOTCH1	3.8402	2.8488	2.7841	2.6595	3.1357	3.0003	3.2601	2.8931	3.0192	3.6048	2.9267	3.0773	2.7547	2.3347	2.3099	3.6721	2.8810	2.2438	2.4555	2.3793	2.1876	2.3948	2.2891	2.1812	2.2341	2.2451	2.2407	2.2314	2.7675	2.1560	2.0537	2.2508	2.2938	3.4087
JAG1	2.1207	1.5139	1.6091	1.5475	1.4819	1.6414	1.9117	1.5810	1.8269	2.1857	1.6844	2.1635	1.1469	2.0584	1.9339	2.3622	1.7796	1.7403	1.5965	1.9270	1.2603	1.2064	1.1722	1.1211	1.1964	1.3417	1.3003	1.3834	1.5052	1.1773	1.1641	1.2424	1.3405	2.1446
DLL4	2.8850	1.1258	1.1325	1.1402	1.4956	1.5709	1.8652	1.1864	1.3593	2.1049	1.1178	1.5917	1.0187	0.9636	0.9364	2.3175	1.1925	0.9949	1.1286	1.1087	0.8974	0.9539	0.9937	1.0016	0.9370	0.9777	0.9292	0.8619	1.1557	0.9392	0.8102	1.0108	0.9443	1.9719
MYH11	1.5264	1.3458	1.2676	1.2881	1.3255	1.2374	1.4913	1.3807	1.5186	1.9315	1.2917	1.7156	1.3079	1.0588	1.1724	2.1457	1.4183	1.3031	1.3887	1.3900	1.2838	1.1746	1.2687	1.1673	1.3120	1.2157	1.2778	1.1401	1.2276	1.3260	1.2200	1.2310	1.3651	1.9196
ACTA2	1.3718	1.7939	1.8400	1.7370	1.3709	1.5481	1.9577	1.8168	1.8845	1.3135	1.9761	1.8275	1.6921	1.4104	1.1938	1.2891	1.8878	1.6414	1.3751	1.5256	1.5359	1.3384	1.0815	1.0173	1.0682	1.1572	1.1113	1.1391	1.4970	1.1001	1.0172	1.0976	1.1264	1.3968
FBN1	1.5612	2.0658	2.0158	1.9104	1.5336	1.7036	1.6405	1.9561	1.9831	1.8746	1.8952	1.8756	0.3800	1.1459	1.1820	2.0329	1.9473	1.7635	1.2317	1.5784	1.1024	1.1610	0.6830	0.6190	0.5413	0.7849	0.6811	0.9091	1.4831	0.5920	0.5892	0.7874	0.7855	1.7569
ELN	1.9926	2.7164	2.8376	2.7091	2.0946	2.3550	2.3115	2.7847	2.8117	2.6064	3.0405	2.9494	1.5143	0.8466	0.8044	2.7352	2.9198	2.6301	0.7760	1.2849	1.6892	1.8425	1.0768	1.0369	0.8015	1.2332	0.9206	1.0717	2.2508	0.8171	0.7800	1.1981	1.0229	2.5129
CHD7	2.7037	1.9144	1.6627	1.7008	1.8488	2.3137	2.0841	1.9721	1.9970	2.5203	1.8832	1.8365	2.3493	2.4364	2.3126	2.4817	1.7745	1.2736	3.0374	2.3685	1.9409	2.0102	2.3638	2.2249	2.4312	2.0960	2.2295	2.1990	2.0354	2.3786	2.2894	2.2265	2.3237	2.5328
KMT2D	1.4675	1.1614	1.0996	1.1182	1.1648	1.1530	1.2768	1.1452	1.1607	1.3564	1.1146	1.1789	1.2976	0.9758	1.0081	1.3882	1.1202	1.0412	1.2051	0.9157	1.0006	1.0724	1.1560	1.1065	1.0921	1.0209	1.0398	0.9514	1.0941	1.0858	1.0564	1.1033	1.0627	1.3235
CHD4	1.9998	2.3149	2.2647	2.2175	1.7578	2.3404	2.3533	2.3795	2.3328	2.5254	2.3023	2.2990	2.1653	1.9572	2.0527	2.4919	2.2163	2.0541	2.1282	2.0866	1.6068	1.7848	2.0524	1.9063	2.0194	2.0036	2.0267	1.9528	2.2118	1.8458	1.7353	1.9206	1.9192	2.3253
