	ACTC1	MYL2	TNNT2	RBM20	TPM1	FHOD3	PRKG1	TNNC1	MYL3	DMD	CRYAB	CSRP3	ACTN2	LDB3	FBN1	NEXN	TBX20	CORIN	THSD4	TNNI3	ZEB2	RPL5	ZFPM2	MYBPC3	DSP	ANKRD1	ANK3	MYOZ2	PRKAG2	CAP2	MEIS2	GPC3	DTNA	LAMA4	SGCD	ELN	ACTB	PBX1	MED13L	PTEN	GATA4	PRKD1	LMOD2	RAD21	AKAP12	ACTA2	SDHA	AHNAK	HNRNPK	KLHL24	ARID1B	RERE	NF1	RBFOX2	CTNNB1	GATA6	CHD7	RYR3	KMT2C	GLI3
BEC	0.8692545	0.7721643	0.49957666	0.123368666	1.1506244	0.14771311	0.60991246	0.5326321	0.33401313	0.36532778	0.34668952	0.23490381	0.14442782	0.079601236	0.82362145	0.18026178	0.24581698	0.036650367	0.25501758	0.17169651	0.7089807	1.3700631	1.1987935	0.038169567	0.15826449	0.07016466	0.29505616	0.055486906	0.13627994	0.12187696	0.58923835	0.13755478	0.32630497	1.0894285	0.20687474	0.29415923	1.6299303	1.0251848	1.8254037	0.88865334	0.2345347	0.5226195	0.044415932	0.5792817	0.64319056	0.13380733	0.14744672	0.70874584	0.71276915	0.3552352	1.7591933	1.8491288	1.2488853	1.5080849	1.1371231	0.28420132	1.0412245	0.040386748	1.3538827	0.3179953
Compact vFibro	1.0021436	0.89161503	0.4156709	0.010407925	1.0780929	0.028814316	3.372315	0.62343794	0.35210615	1.0561918	0.36544117	0.20041445	0.036943164	0.0089212125	1.9872992	0.131112	2.4320748	0.005767921	0.1840982	0.13154395	1.9554422	1.641344	2.7526102	0.004673585	0.035722777	0.019749988	1.3999598	0.0031857276	0.014725399	0.06439991	1.6260586	1.4979777	0.028589157	1.5670216	1.2696408	0.52092564	1.4889886	1.8511192	1.7017368	1.2768646	0.7022296	0.98677737	0.004881659	0.54154533	0.8748837	0.25954047	0.06380153	0.86420923	0.72353226	0.11805897	1.6097206	1.4792984	1.2475524	1.5767967	0.397844	0.8252133	0.1514018	0.026242098	1.335553	0.7890642
EPDC	0.36454925	0.30678958	0.07978885	0.0028923692	0.7222029	0.11988977	3.260157	0.20516911	0.097743385	1.0805097	0.06633947	0.034620456	0.0065924926	0.00041678405	2.1306581	0.09558161	2.1874664	0.0033342885	0.2697336	0.030805178	2.1678188	1.1099933	2.9266737	0.00025504132	0.0043888935	0.0024408149	1.1877522	0.001352389	0.010561712	0.06758148	1.9015721	1.3492304	0.019305222	1.3360537	1.5182931	0.77225524	1.1867536	2.0939884	1.8760542	1.2746565	0.73934317	1.2175372	4.595525e-05	0.38318378	0.928144	0.32011786	0.04166408	0.7682719	0.54022497	0.11971699	1.7152162	1.4799646	1.2755555	1.6157522	0.44654244	0.98321813	0.10790704	0.04514295	1.3314106	0.8117615
Epicardial	0.5564053	0.45297432	0.16686258	0.009537383	0.98283905	0.061833255	3.205301	0.3524601	0.17565075	1.0268394	0.16959402	0.07079999	0.011403151	0.0027218144	1.9245667	0.09215766	1.7965947	0.0046906816	0.48800617	0.098388806	1.7244902	1.3762673	2.8219934	0.00097359484	0.028631292	0.00849096	1.1488025	0.0020882916	0.050386466	0.11665136	1.829695	1.4370911	0.097685635	1.2831666	1.358788	0.7122043	1.4158708	1.9876226	1.8213508	1.1438972	0.62362427	1.2346998	0.0011974265	0.4243437	1.0201468	0.23096193	0.05088347	0.88938767	0.60112864	0.13761118	1.6344867	1.4490348	1.1876975	1.5250152	0.42038506	0.85370374	0.119897254	0.032548547	1.3314775	0.77992535
LEC	0.4721419	0.38367015	0.14745033	0.014795439	0.94157374	0.06215634	1.9540977	0.24810363	0.13091122	0.42306468	0.13585174	0.07190067	0.015722217	0.010855347	1.4178395	0.09335805	0.29277614	0.009195453	0.7561824	0.096854486	0.6970166	1.3887248	2.6564655	0.0030164511	0.1923638	0.016244829	0.35163242	0.00743972	0.38891342	0.08164254	1.6528461	0.7732818	0.1748127	1.5422084	1.2349674	0.56553763	1.5809081	1.4132644	2.0204008	0.74333924	0.14649844	1.0227877	0.0014616644	0.4849814	1.2836075	0.11764099	0.111428626	0.89968246	0.6650044	0.205543	1.7867835	1.758223	1.1471939	1.3898133	0.73483956	0.36731875	0.68360406	0.060326286	1.3166428	0.44907537
Neuronal	0.44725835	0.34906206	0.2060981	0.016404351	0.84553623	0.39569956	1.8732626	0.27302638	0.1269523	1.5404075	0.16128191	0.047073025	0.025385458	0.018325716	1.1610138	0.106928535	1.0140308	0.010009871	0.30220962	0.040566653	1.9003868	1.0973023	1.8493773	0.008712379	0.026506571	0.018747073	1.3576351	0.01942197	0.13909274	0.14083901	1.2049431	0.6942511	0.4976817	1.1440415	0.9426918	0.40651366	1.2578871	1.6129549	1.817885	1.0974748	0.3418696	0.8887289	0.0031398123	0.47163922	0.88029236	0.2159274	0.11134517	0.44763738	0.57144964	0.31194592	1.7954264	1.6513314	1.3800101	1.5755898	0.6170871	0.40531215	0.6121894	0.092546456	1.4251852	0.7439979
Pericyte	1.0840967	0.948424	0.6363287	0.3026356	1.5145571	0.33843383	3.1519156	0.67838687	0.45355672	1.1740239	0.46643633	0.33999816	0.25060257	0.2218046	1.3032972	0.315878	0.68862206	0.12690857	0.4164607	0.22581296	1.9114614	1.3892771	2.2715313	0.12120919	0.1930958	0.12604304	0.692992	0.12133083	0.11708083	0.22143422	1.154999	0.32228974	0.26715896	1.4682322	0.47601816	0.48590195	1.3411769	1.781718	1.6046957	1.6010431	0.53337145	0.6863474	0.090386964	0.5724924	0.5943525	0.60088235	0.16211669	0.60855067	0.75097704	0.27462077	1.7700301	1.4901323	1.3202792	1.6115063	0.7889755	0.4975659	0.45284548	0.05096912	1.231342	0.5509991
Proliferating vFibro	1.1905041	1.0522107	0.6172481	0.08719306	1.4176279	0.1245821	2.9887724	0.8013448	0.47204843	1.0998052	0.51510775	0.29999226	0.13282888	0.06492667	1.6352695	0.20435615	2.094002	0.035521023	0.35867602	0.2614108	1.8076164	1.6169341	2.5676303	0.032292813	0.11278601	0.060080122	1.2119612	0.034771368	0.044209078	0.14041123	1.6031106	1.1673082	0.11857914	1.2807133	1.163146	0.5770303	1.5588968	1.776528	1.6797752	1.1814079	0.70935506	0.97086746	0.032807466	0.7274446	0.77203995	0.301294	0.11343631	0.8755606	0.81895775	0.16575204	1.6234328	1.4272802	1.194714	1.5216658	0.50098324	0.8733947	0.23637986	0.03283014	1.2798296	0.7112321
Trabecular vFibro	0.9410545	0.8026091	0.40463966	0.03609291	1.1941795	0.11270561	3.1568868	0.5212529	0.3093949	1.0757631	0.33248237	0.18043119	0.046323642	0.020744888	1.803539	0.19913658	2.0750437	0.01293882	0.33061975	0.14347401	2.1133115	1.4944332	2.5269413	0.011253998	0.0663293	0.03428459	1.0320468	0.013517147	0.033609852	0.13236414	1.6523119	0.8636785	0.07474882	1.2908152	1.4017218	0.7980407	1.394476	1.8787975	1.7670971	1.260761	0.78308	1.0535971	0.009292763	0.54770184	0.72481406	0.44194445	0.09253269	0.7676471	0.72055215	0.15974037	1.6515163	1.470717	1.2461821	1.5468479	0.52879757	0.9548878	0.28145602	0.045798007	1.3036542	0.6734201
VEC	0.5367755	0.5255188	0.2008559	0.0051787114	0.72244287	0.06127386	2.209312	0.3202294	0.18762836	0.31730208	0.16354884	0.086680144	0.015244236	0.006298984	1.35057	0.21950963	0.750985	0.0031449448	0.64140105	0.063498765	1.2595248	1.4858283	1.5320209	0.0037697623	0.04605829	0.015748717	0.4436682	0.0072705117	0.053414933	0.067055896	1.7228075	0.20837735	0.06727756	1.3473214	0.63010824	0.75334	1.1448333	1.7849486	1.7311547	0.9902251	1.2044462	0.92239386	0.0067829853	0.45566908	0.34388378	0.13095927	0.15974833	0.59087336	0.58075047	0.16716371	1.8114375	1.6961197	1.3110431	1.4625509	0.88734823	0.9144882	0.7038042	0.09129722	1.4301245	0.4172539
VIC	0.5125787	0.4247801	0.14938553	0.0053432137	0.95947134	0.35956386	2.823186	0.28166345	0.14538674	0.90344536	0.12433796	0.05321528	0.017343903	0.0021404182	1.8625126	0.17255257	2.3177724	0.0117078135	0.38721526	0.060427796	2.0270648	1.2328997	2.3422716	0.001340398	0.02416845	0.010743835	1.2656248	0.0033927853	0.032751977	0.14058113	2.0295424	0.7817995	0.107852444	1.0084807	1.4770802	0.87528986	1.1965516	1.7782973	1.8232914	1.1511465	0.909519	1.1640955	0.00036156081	0.4409912	0.522608	0.42473444	0.058457565	0.664894	0.5640683	0.1498734	1.7546345	1.5549711	1.3110107	1.6561027	0.5746495	1.092865	0.23481545	0.14748843	1.3347737	0.69320434
VSMC	0.3800897	0.3172029	0.15633331	0.1479655	1.1304688	0.3336108	3.1201649	0.21058111	0.09541056	1.5086854	0.08499617	0.0512444	0.053308923	0.05939429	1.8142016	0.30592188	0.87075454	0.008383881	0.9638667	0.036343016	1.9312541	0.9760089	2.5340824	0.0022805955	0.034116816	0.012278104	0.64756083	0.010674136	0.12627257	0.25754717	1.3996446	0.5343011	0.24159157	1.0059744	1.1027206	1.6805844	1.1273432	1.9364191	1.8731807	1.2676644	0.43822607	1.1234621	0.0020213241	0.4527559	0.72354394	0.8849923	0.11048186	0.63295746	0.51151276	0.2034042	1.8195342	1.5126917	1.4082217	1.5692154	0.657927	0.90856904	0.3026158	0.08827602	1.4346381	0.71814996
WBC	0.5093732	0.44935644	0.25031486	0.10864511	0.4732348	0.11673498	0.38381934	0.29421863	0.168157	0.22694774	0.1815922	0.13511313	0.10279296	0.07906381	0.2562161	0.102373295	0.20093171	0.04771797	0.10536121	0.08143767	2.6963801	0.857341	0.4048404	0.050214086	0.07639948	0.063101836	0.18544237	0.05075583	0.22698285	0.058884144	0.2737327	0.13618696	0.99041456	0.20862369	0.13961874	0.08479608	1.3004408	0.35097447	2.3439884	1.1361693	0.105564676	0.16436496	0.04133882	0.3334418	0.17210028	0.067508675	0.07713871	0.27006102	0.34375623	0.24412954	1.6574067	1.5696619	1.0690031	0.35118225	0.68658507	0.13952558	0.80427915	0.014848032	1.5685976	0.10448757
aCM-LA	3.0010855	0.7958414	2.552409	2.1050847	2.7701893	2.3548133	0.8911066	1.619153	0.81990904	2.8213174	1.2559135	1.7907363	1.5567802	1.7657338	0.16607597	1.3788565	2.041186	1.7831111	0.8613821	1.0483816	0.8528447	1.4308414	1.9697784	1.3061795	0.84811527	1.2764759	1.5059862	0.9892188	1.7027941	1.0434322	0.94332176	0.0652432	1.0178385	0.72579885	0.8090486	0.09018803	0.6815231	1.7775882	1.3189402	0.73642653	1.1568736	0.35214284	0.67920524	0.62147164	0.17619175	0.9797927	0.47050112	0.25804946	0.7748332	0.7891962	1.6916574	1.6312958	1.079922	1.3534598	0.64335024	0.8993371	0.7572429	0.9972838	1.2034338	0.120092526
aCM-RA	2.63567	0.883328	2.3540728	2.170837	2.6561117	2.1390893	0.89002424	1.4433596	0.7020091	2.6845605	1.1838915	1.5549765	1.4885602	1.6425889	0.18688673	1.3624277	1.8408824	1.5430728	1.0231668	0.8793689	0.96431154	1.455279	1.8873811	1.0476795	0.77116936	1.3245606	1.4755504	0.9474994	1.6192007	1.0243226	1.062365	0.062300675	0.98813844	0.62341136	1.0033948	0.11406017	0.7574509	1.6830112	1.3758657	0.81936586	1.1677549	0.36577216	0.6265541	0.62398714	0.16797347	0.893843	0.4373369	0.3671616	0.7774662	0.7671558	1.7256857	1.6768539	1.0683646	1.3413115	0.7634453	0.87809825	0.77529585	0.73223424	1.2421875	0.13759042
aEndocardial	0.3944336	0.35890988	0.112708054	0.005551762	0.59066266	0.054538324	2.3295934	0.22014458	0.09325661	0.33525053	0.09350524	0.043300033	0.006762417	0.0047562607	1.4812248	0.22342324	0.49028617	0.0041111778	0.63929963	0.031324983	1.2571608	1.2777809	1.6098503	0.0011888148	0.03269092	0.012324673	0.31529334	0.0068287794	0.04186764	0.076333225	1.7095286	0.24404162	0.039977167	1.5318942	0.6554025	0.8183046	1.081905	1.825614	1.7749372	1.0119295	1.1862786	0.80818796	0.0005434933	0.41107357	0.42467302	0.11854691	0.17513902	0.61108506	0.56429684	0.16804063	1.8176589	1.7130723	1.3669369	1.5071392	0.96507645	0.8622123	0.69909644	0.06338353	1.4105339	0.5096987
aFibro	0.41747156	0.34155697	0.116491	0.00978187	0.7989814	0.14158572	3.2521532	0.22287045	0.097286575	1.1817918	0.09190471	0.04190783	0.014812139	0.006536596	1.9833566	0.1413151	2.1098084	0.0062333294	0.30602226	0.03854099	2.2100804	1.0921304	2.8016684	0.0015417887	0.0109231165	0.008260861	1.0265385	0.0031917102	0.030663036	0.11889721	1.761106	1.1268276	0.045098756	1.2263721	1.5543699	0.87527966	1.1739256	1.9917399	1.9129397	1.2338508	0.72828615	1.1782302	0.00081788446	0.41827303	0.829464	0.41495875	0.0553819	0.710965	0.53577167	0.13279165	1.7063552	1.51089	1.299634	1.574488	0.4704566	0.9674016	0.16011834	0.052546374	1.3557545	0.78980315
adFibro	0.20086242	0.19232184	0.045984156	0.0048939553	0.5744097	0.29932103	3.0297093	0.12525716	0.056091186	1.1405163	0.029907031	0.015379027	0.0041871914	0.0014210847	2.1594648	0.11929186	0.8283305	0.003655593	0.5439709	0.02686561	2.0333238	0.77857447	3.1875002	0.00024173218	0.0028355755	0.001708437	0.58440864	0.0007191244	0.0140209	0.09954527	1.7474544	1.4722962	0.019396413	1.0600748	1.704664	0.92570496	0.8844262	2.2674613	2.1222472	1.0177683	0.5139271	1.345125	8.271284e-05	0.36521438	1.3673629	0.2991433	0.047246207	0.93406737	0.36269897	0.10208101	1.7734333	1.4509978	1.3236446	1.6569622	0.46702713	0.83627814	0.065772854	0.04507831	1.4195182	1.1372969
ncCM-AVC-like	2.5378656	0.9705471	2.2808793	1.7192771	2.8006032	2.0131192	1.0730544	1.431443	0.7212052	2.431406	1.1058848	1.4372855	1.3601687	1.3753226	0.26463398	1.2056465	1.4526346	1.0020688	0.6384777	0.8771621	0.9661575	1.4632459	1.6607479	1.0259107	0.8094186	0.89403945	1.2680408	0.90911186	1.0400939	0.9494411	1.0674658	0.08261394	1.0169692	0.45262578	1.0007124	0.1390992	0.9891381	1.6540588	1.2943312	0.7944916	1.2855147	0.5203366	0.64042324	0.8720559	0.2659884	0.91511136	0.4494534	0.5713897	0.9794632	0.7135923	1.6352519	1.622083	0.9921006	1.4777561	0.81312317	0.83036274	0.7353823	0.285397	1.2469455	0.20079473
ncCM-IFT-like	1.8277677	0.7510887	1.4800495	1.1045179	2.0059512	1.2922585	1.3863125	1.0516855	0.5289158	1.8904467	0.83824795	1.0552602	0.8637861	0.88176847	0.446588	0.8386488	1.0616124	0.46585718	0.5022647	0.61927354	1.1362429	1.2372333	1.5903964	0.58228236	0.5399316	0.61384916	0.981891	0.48738796	0.738682	0.54053986	1.0775806	0.24284306	0.7407528	0.55613786	0.7603662	0.22709803	1.0112026	1.5199854	1.6038178	0.8897071	0.9398778	0.488358	0.34907007	0.70861894	0.36006686	0.6801285	0.3237647	0.44514868	0.7396453	0.5635671	1.659937	1.4881959	1.0598491	1.2268054	0.699133	0.7052767	0.63871896	0.22605965	1.2974782	0.35702258
vCM-IVS-His	1.9357756	1.7470546	1.8083874	1.3617736	2.547277	1.780409	1.178561	1.1354436	0.6961233	2.1609008	0.7656157	0.91063756	0.9542049	1.0263795	0.62032914	1.0364584	1.23729	0.5015832	0.8371913	0.7155986	0.85006464	1.4636976	1.543618	0.7451463	0.6188881	0.39841613	1.3790786	0.5804361	0.564196	0.68429244	1.4183396	0.12755193	0.9247614	0.44794446	1.0862371	0.20827124	1.0228657	1.8827294	1.4426724	0.9683459	1.1695913	0.7024186	0.33332512	0.9025508	0.18951306	0.3329134	0.29832783	0.7762189	0.98520005	0.6644241	1.7172284	1.5682542	1.080313	1.3877963	0.7291921	0.7195918	0.56746465	0.045848012	1.1311469	0.35404366
vCM-LV-AV	2.376031	2.0202494	1.8992108	1.1768478	2.6311677	1.4897442	0.9920382	1.7445188	1.3459668	1.7711986	1.291502	1.0283507	1.2106719	0.868489	0.48030958	0.97595847	1.5322961	0.44432536	0.7593044	0.9570336	0.89566547	1.8954602	1.3990554	0.5527754	0.8603819	0.4646949	1.1309949	0.54804015	0.2685263	0.6566937	1.5712426	0.21805969	0.71809524	0.5163442	0.6590447	0.1976075	1.1926506	1.6214939	1.3205434	0.6659325	1.0877833	0.48692057	0.39492524	1.0656083	0.30653533	0.3732395	0.45644796	0.8250163	0.94989884	0.54492587	1.5245359	1.3676932	0.900381	1.3088471	0.89446366	0.89303225	0.5985572	0.046340123	1.1007156	0.49890518
vCM-LV-Compact I	3.2753031	2.9394147	2.7184405	2.4177551	3.2705438	2.4082992	0.8244265	2.5158937	2.1572995	2.6951082	2.1350958	1.9662718	1.907546	1.8132635	0.13733786	1.6492785	1.8671732	1.2498792	1.6567137	1.2055768	0.76358247	2.2198515	1.8504127	1.1658825	1.1579026	0.96395886	1.6660488	1.0562233	0.51940924	1.1096989	1.8390086	0.09635143	1.0160824	0.50003254	0.585473	0.06728851	0.7006714	1.9361459	1.1630547	0.51561505	1.0012742	0.49158597	0.6663396	0.8406254	0.1562674	0.25041267	0.7404053	0.8045791	0.9820314	0.78978467	1.5694042	1.3217416	0.9366349	1.4937041	0.96591735	0.8676752	0.62127006	0.020925863	1.0477041	0.428578
vCM-LV-Compact II	3.2041032	2.7137947	2.5373528	2.0598445	3.204105	2.225396	0.57154363	2.4645507	2.0575118	2.3831286	2.0319586	1.7616209	1.8123177	1.5187776	0.06796311	1.4886512	1.7059345	0.9013613	1.2584794	1.251065	0.75387084	2.195041	1.5603472	0.8831431	1.2570283	0.79834443	1.4529023	0.91355425	0.42846078	1.0223775	1.702838	0.04333499	0.93257564	0.35774666	0.46009612	0.040639702	0.8135158	1.8576596	1.1570301	0.561298	1.0786343	0.37977996	0.70076627	1.1924571	0.15497036	0.2932565	0.7828781	0.9438604	1.1418726	0.70542336	1.474576	1.311203	0.84693474	1.4020276	0.9913425	0.87320286	0.6838778	0.024203774	1.0274352	0.4874252
vCM-LV-Hybrid	3.4598765	3.1557083	2.9828467	2.7464154	3.5080183	2.710267	0.74563235	2.653002	2.3367136	2.9664412	2.2648056	2.1334057	2.0953825	2.0611658	0.018889468	1.8415744	1.8692148	1.5814271	1.8893495	1.3665991	0.72960985	2.2606156	1.9007299	1.382677	1.2125102	1.1364206	1.8118465	1.2491558	0.64358354	1.2476866	1.9248124	0.010465531	1.1481527	0.53753144	0.71265715	0.013136499	0.61704016	2.0829475	1.1248724	0.46207938	1.0396084	0.46983963	0.7235474	0.7868583	0.09076835	0.30346593	0.7933268	0.758181	0.98230726	0.88813794	1.6125389	1.356304	0.9697325	1.539903	0.9995517	0.8606544	0.66341823	0.019258348	1.0382047	0.4280349
vCM-LV-Trabecular I	2.9226294	2.4947035	2.407759	2.003714	3.142942	2.2199764	0.74108857	2.1770904	1.8245642	2.388264	1.717856	1.5275873	1.6590095	1.4314731	0.13440226	1.3873608	1.5860376	0.94949365	1.3806328	1.2136242	0.8219607	1.9906113	1.6438786	0.8865907	1.0749166	0.7223084	1.3959061	0.920431	0.44241604	0.9482112	1.7491145	0.06876298	0.9901474	0.44233105	0.6747596	0.07429369	0.8581273	1.9841266	1.2279544	0.6002386	1.1188874	0.45180434	0.6088588	1.128077	0.16238107	0.3821901	0.70110077	0.8866297	1.0139772	0.6756417	1.5311823	1.4055839	0.8891437	1.4259547	0.98536885	0.88135856	0.716634	0.03507039	1.0613978	0.5520778
vCM-LV-Trabecular II	3.1997104	2.8939655	2.8099287	2.5215893	3.4306629	2.572779	0.80480355	2.4004493	2.0889142	2.812002	1.9543508	1.8695933	1.9091771	1.8563981	0.071747966	1.6998144	1.6677098	1.5013509	1.7785581	1.3586519	0.7837927	2.06034	1.8707399	1.2664356	1.0797515	0.99793124	1.6688093	1.1534604	0.6160179	1.1452428	1.866528	0.03196872	1.1276848	0.5680954	0.9051182	0.04055713	0.67996246	2.118383	1.1651702	0.523155	1.0464714	0.5027979	0.65533787	0.82576853	0.102358095	0.40402037	0.7077883	0.74189144	0.9260624	0.8282323	1.6047199	1.4276067	0.9760219	1.5135884	0.9738961	0.8349952	0.67114276	0.031397525	1.0479257	0.4939148
vCM-LV/RV-Purkinje	2.6681044	2.269855	2.3654501	2.1274104	3.030024	2.2560983	0.94218916	1.8823869	1.5832444	2.5639627	1.5214126	1.4696085	1.4742758	1.4415935	0.19781353	1.358139	1.2786422	1.2063268	1.6577722	1.0766765	0.7849633	1.79087	1.8220061	1.0461813	0.8211911	0.78593075	1.458102	0.94646424	0.6446428	0.907114	1.6652105	0.07937124	1.0465894	0.5751284	1.1382064	0.09999878	0.7716461	2.0383167	1.2097365	0.5809002	1.0164962	0.5449069	0.51626456	0.7293066	0.1314585	0.43342796	0.49927658	0.6521749	0.8065022	0.74250287	1.6434454	1.4807894	0.9788963	1.4102392	0.89385635	0.7157264	0.69250613	0.051049933	1.0419555	0.46237475
vCM-RV-AV	1.8956728	1.6650149	1.356035	0.8199755	2.0760045	1.0809917	1.4388707	1.3398274	1.002615	1.4176803	0.956479	0.71746343	0.79400176	0.5572868	0.7420445	0.76773924	1.4406552	0.22981301	0.6695524	0.58429605	1.2142286	1.7598318	1.4988433	0.32139418	0.61474067	0.2951296	1.0823592	0.3523267	0.18203951	0.4735492	1.4598134	0.30887845	0.54037285	0.6806236	0.66565347	0.3388921	1.2053998	1.7272103	1.5385716	0.9001097	0.9291779	0.67211616	0.2769152	0.92934275	0.40630522	0.36673632	0.34783038	0.7878599	0.8800908	0.44855267	1.6058615	1.4438827	1.0143299	1.4009283	0.84802604	0.83025765	0.61970365	0.06379971	1.15454	0.54825056
vCM-RV-Compact	3.7151675	3.4406073	3.0461106	2.6467297	3.5927496	2.570696	0.75978523	2.895622	2.5272717	2.8498168	2.5667224	2.3427029	2.1958106	2.0427039	0.041813683	1.9679211	1.8105284	1.3574634	1.6603736	1.3939695	0.69540876	2.5066595	1.7890834	1.2966758	1.3707294	1.3184806	1.8046235	1.2585865	0.64143944	1.2758387	1.9544406	0.017903404	1.0750382	0.5164947	0.5596726	0.030890852	0.6824304	2.0606194	1.1031071	0.47769392	1.0232067	0.42975038	0.8239018	0.8775844	0.11118159	0.33702892	0.86531514	0.8774117	1.0960191	0.87246734	1.5183489	1.2601105	0.9332508	1.5303456	1.0075278	0.8600205	0.6629277	0.017053625	1.0203626	0.42688826
vCM-RV-Hybrid	3.6764288	3.400344	2.9639175	2.473799	3.525928	2.440643	0.65547645	2.8859506	2.482628	2.67979	2.5194883	2.2719247	2.1675148	1.9120334	0.037556365	1.8901833	1.7502896	1.1225032	1.4553237	1.356758	0.65233696	2.4965582	1.6294856	1.1667585	1.3958044	1.2321451	1.6707058	1.1583675	0.55614686	1.2055302	1.8691036	0.014778918	1.0020882	0.4266855	0.46011448	0.023852844	0.6822148	1.9358333	1.0541345	0.46308935	1.0183474	0.38178495	0.80213964	0.9904109	0.10393037	0.33128938	0.8649152	0.90834534	1.1120793	0.7892323	1.4366279	1.196656	0.85734767	1.4588487	0.9692467	0.8483244	0.64890295	0.013917243	0.9689403	0.4100468
vCM-RV-Proliferating	3.1644938	2.6974878	2.4245732	1.9895343	3.1251729	2.1493754	0.6835426	2.3923018	1.9822066	2.3181548	2.00079	1.692088	1.8015293	1.4267253	0.1365386	1.5055078	1.6752646	0.776693	1.124704	1.1485426	0.78735083	2.1980922	1.5814677	0.78697604	1.2587894	0.83126354	1.4272501	0.8726056	0.40561354	1.00431	1.7984427	0.08102834	0.9246595	0.38480312	0.45459148	0.088589	0.865616	1.9368232	1.1985407	0.6030509	1.1349807	0.4171897	0.7017479	1.2383693	0.18320939	0.33127266	0.7945793	1.0198393	1.1562214	0.66147715	1.4685584	1.303082	0.8672682	1.4561241	0.98037434	0.90189075	0.7314707	0.020704728	1.038087	0.53466845
vCM-RV-Trabecular	3.513449	3.2360764	2.885119	2.5283892	3.472908	2.4967878	0.8849334	2.7136683	2.3512151	2.7742617	2.3449078	2.1425083	2.043133	1.9214697	0.115300514	1.8699234	1.713238	1.3603271	1.6209269	1.2876612	0.76110655	2.370673	1.8322718	1.2012256	1.2593042	1.2176691	1.758457	1.2011006	0.61303157	1.231517	1.9876293	0.05510826	1.0706645	0.5563752	0.71401584	0.07490968	0.71200126	2.1423507	1.163579	0.51992154	1.0469272	0.51785535	0.7547006	0.9040404	0.1440727	0.4020365	0.80271363	0.87370414	1.0523448	0.82256186	1.559802	1.31666	0.9824528	1.5407239	0.9878895	0.8600352	0.678843	0.020998955	1.0354415	0.5066302
vEndocardial	1.3114198	1.1585733	0.81518775	0.42416504	1.4828156	0.48143867	2.0810823	0.84783185	0.6435202	0.7239673	0.5900146	0.46797812	0.3701983	0.33229095	1.1629933	0.54666096	0.65544957	0.23111893	0.86982465	0.32394522	1.1579304	1.7801946	1.5390533	0.19810642	0.30184323	0.22093908	0.6057056	0.19078486	0.16079618	0.2941224	1.5903591	0.18515316	0.2450476	1.4017378	0.6324418	0.6190711	1.2940257	1.9498113	1.6015202	0.92902935	1.1768742	0.79344845	0.1310856	0.64912933	0.39303097	0.21918477	0.27868465	0.7912523	0.7723118	0.32177687	1.73823	1.6606042	1.3199121	1.5037718	0.98462355	0.91385543	0.7603449	0.06357819	1.2988703	0.47605875
