gene	pearson_r	atac_mean	atac_frac_pos	rna_mean	rna_frac_pos
RBM20	0.8678	2.5154	1.0000	1.5266	1.0000
FHOD3	0.8528	1.9463	1.0000	1.5912	1.0000
LDB3	0.8147	2.8977	1.0000	1.1507	1.0000
CORIN	0.8093	1.4388	1.0000	0.8398	1.0000
MYBPC3	0.8064	1.4010	1.0000	0.7372	1.0000
CSRP3	0.7901	1.2959	1.0000	1.2758	1.0000
JPH2	0.7815	1.8922	1.0000	0.3537	1.0000
CAP2	0.7668	1.7850	1.0000	0.7574	1.0000
MYL2	0.7654	1.1895	1.0000	1.8639	1.0000
ACTN2	0.7530	1.5086	1.0000	1.2144	1.0000
THSD4	0.7510	1.1774	1.0000	1.0925	1.0000
TNNT2	0.7457	2.4718	1.0000	1.8371	1.0000
ACTC1	0.7339	1.6284	1.0000	2.3220	1.0000
ANKRD1	0.7066	1.5084	1.0000	0.6920	1.0000
FBN1	0.7007	1.1624	1.0000	0.6613	1.0000
TBX20	0.6979	2.7227	1.0000	1.6502	1.0000
ELN	0.6673	1.5758	1.0000	0.3116	1.0000
PRKG1	0.6210	1.4746	1.0000	1.4799	1.0000
SALL1	0.6039	0.5355	1.0000	0.0178	1.0000
PRKAG2	0.6000	3.0700	1.0000	0.5077	1.0000
ALPK3	0.5738	2.5275	1.0000	0.3948	1.0000
DSP	0.5735	1.2288	1.0000	0.7501	1.0000
TCAP	0.5689	1.9888	1.0000	0.2341	1.0000
MYOZ2	0.5577	1.0268	1.0000	0.6847	1.0000
RYR3	0.5576	0.4719	1.0000	0.1355	1.0000
MYPN	0.5491	0.6600	1.0000	0.1549	1.0000
TPM1	0.5454	2.4467	1.0000	2.4384	1.0000
MYL3	0.5240	2.9564	1.0000	1.3111	1.0000
LMOD2	0.5212	1.5796	1.0000	0.4492	1.0000
SGCD	0.5191	1.2442	1.0000	0.8045	1.0000
GATA4	0.5115	3.4426	1.0000	0.9239	1.0000
KDR	0.5071	1.7229	1.0000	0.1148	1.0000
LRP1	0.5057	2.1262	1.0000	0.1685	1.0000
GPC3	0.5008	0.7473	1.0000	0.3255	1.0000
RRAGD	0.4821	1.0647	1.0000	0.2166	1.0000
MEIS2	0.4781	2.3881	1.0000	1.6167	1.0000
TNNC1	0.4591	1.9880	1.0000	1.6601	1.0000
DLL4	0.4570	1.1849	1.0000	0.0106	1.0000
TNNI3	0.4537	1.7719	1.0000	0.8117	1.0000
AKAP12	0.4329	2.7486	1.0000	0.3556	1.0000
LTBP2	0.4299	1.4880	1.0000	0.0561	1.0000
MED13L	0.4169	1.9787	1.0000	1.4073	1.0000
FGFR2	0.4084	1.1517	1.0000	0.1401	1.0000
ANK3	0.4069	0.4833	1.0000	1.3400	1.0000
LOX	0.4028	0.6814	1.0000	0.1119	1.0000
SAMD11	0.3974	1.5408	1.0000	0.0235	1.0000
ADAMTS10	0.3966	1.9877	1.0000	0.0430	1.0000
LAMA4	0.3908	2.0096	1.0000	0.7885	1.0000
CHD7	0.3707	2.2234	1.0000	0.5768	1.0000
DNAH11	0.3599	1.7691	1.0000	0.2345	1.0000
RNF220	0.3570	2.1690	1.0000	0.1483	1.0000
GLI3	0.3559	1.7509	1.0000	0.4863	1.0000
HAAO	0.3473	2.7330	1.0000	0.0406	1.0000
EYA4	0.3447	1.0337	1.0000	0.1070	1.0000
DSG2	0.3406	0.7442	1.0000	0.1883	1.0000
CTNNB1	0.3369	1.5022	1.0000	0.8304	1.0000
GATA6	0.3336	3.0003	1.0000	0.8400	1.0000
KLHL24	0.3294	1.4068	1.0000	0.5726	1.0000
PBX1	0.3266	1.9547	1.0000	1.8782	1.0000
CAV3	0.3114	1.7078	1.0000	0.1085	1.0000
FOXP1	0.3075	2.7024	1.0000	0.4747	1.0000
PYGL	0.3037	1.2707	1.0000	0.1007	1.0000
CRYAB	0.2948	2.1433	1.0000	1.3547	1.0000
SMC3	0.2935	1.8156	1.0000	0.5076	1.0000
DTNA	0.2930	0.2926	1.0000	0.7078	1.0000
ZFPM2	0.2799	1.3084	1.0000	1.9785	1.0000
NGFR	0.2771	1.1894	1.0000	0.0116	1.0000
SETD5	0.2679	1.9513	1.0000	0.8098	1.0000
CACNA1A	0.2584	2.4825	1.0000	0.0314	1.0000
SDHA	0.2583	0.9720	1.0000	0.4895	1.0000
FLT4	0.2557	1.2504	1.0000	0.0073	1.0000
KYNU	0.2531	0.0669	1.0000	0.0147	1.0000
EVC	0.2503	0.6650	1.0000	0.1035	1.0000
STRA6	0.2493	2.2503	1.0000	0.0129	1.0000
BAG3	0.2465	1.5924	1.0000	0.1704	1.0000
PKD1L1	0.2410	0.4904	1.0000	0.0221	1.0000
RBFOX2	0.2407	2.7230	1.0000	1.4886	1.0000
EVC2	0.2374	0.4354	1.0000	0.0883	1.0000
TLL1	0.2361	0.5878	1.0000	0.1288	1.0000
ACVR1	0.2358	1.3750	1.0000	0.3235	1.0000
FLNC	0.2343	2.0259	1.0000	0.2363	1.0000
FOXC2	0.2321	0.6612	1.0000	0.0107	1.0000
NR6A1	0.2284	1.9525	1.0000	0.4327	1.0000
NEXN	0.2245	1.5963	1.0000	1.1111	1.0000
TAB2	0.2218	2.0580	1.0000	0.6344	1.0000
RERE	0.2161	1.8161	1.0000	1.4494	1.0000
SMAD6	0.2058	3.0427	1.0000	0.3834	1.0000
RPL3L	0.2041	0.3955	1.0000	0.0212	1.0000
BMPR2	0.2016	1.0747	1.0000	0.8996	1.0000
ITSN2	0.1964	1.6873	1.0000	0.5505	1.0000
MYLK	0.1957	2.1530	1.0000	0.1127	1.0000
TGFBR2	0.1936	1.8598	1.0000	0.4111	1.0000
RAF1	0.1895	1.5754	1.0000	0.4944	1.0000
ACVR2B	0.1832	1.1369	1.0000	0.1237	1.0000
UBR1	0.1756	0.9177	1.0000	0.6307	1.0000
ACTB	0.1703	3.1698	1.0000	0.9406	1.0000
FRYL	0.1583	1.0204	1.0000	0.8159	1.0000
RAB23	0.1554	0.9161	1.0000	0.1080	1.0000
SALL4	0.1549	1.2541	1.0000	0.0058	1.0000
PPCS	0.1543	1.2010	1.0000	0.0861	1.0000
ARID1B	0.1530	3.1942	1.0000	1.6286	1.0000
CITED2	0.1495	1.4308	1.0000	0.1729	1.0000
ACTA2	0.1406	1.3361	1.0000	0.4076	1.0000
GPBAR1	0.1362	1.0238	1.0000	0.0013	1.0000
KAT6B	0.1343	1.8410	1.0000	0.8167	1.0000
MINK1	0.1339	1.3279	1.0000	0.0692	1.0000
TFAP2B	0.1289	0.0303	1.0000	0.0115	1.0000
KMT2C	0.1236	1.1207	1.0000	1.1709	1.0000
KAT6A	0.1190	1.5546	1.0000	0.6213	1.0000
AHNAK	0.1144	2.5413	1.0000	0.7399	1.0000
KDM6A	0.1129	0.9155	1.0000	0.8877	1.0000
KDM2B	0.1106	2.8881	1.0000	0.1432	1.0000
PRKACB	0.1100	0.4107	1.0000	0.6073	1.0000
VEZF1	0.1098	0.9721	1.0000	0.2718	1.0000
CRELD1	0.1098	1.5344	1.0000	0.0534	1.0000
TGFBR1	0.1065	1.7040	1.0000	0.3715	1.0000
ABL1	0.1056	2.3558	1.0000	0.4591	1.0000
CDK13	0.1023	1.4186	1.0000	0.7206	1.0000
POGZ	0.0989	0.8127	1.0000	0.6308	1.0000
SMG9	0.0983	1.5601	1.0000	0.0490	1.0000
BRAF	0.0905	0.7978	1.0000	0.7416	1.0000
NPHP3	0.0901	1.6992	1.0000	0.1002	1.0000
KANSL1	0.0888	1.9231	1.0000	1.0017	1.0000
SMAD2	0.0872	1.1830	1.0000	0.5925	1.0000
PTEN	0.0838	1.2374	1.0000	0.7896	1.0000
FBN3	0.0831	0.7902	1.0000	0.0181	1.0000
FLNA	0.0823	2.4550	1.0000	0.1298	1.0000
FNIP1	0.0819	1.1587	1.0000	0.1614	1.0000
NSD1	0.0812	1.6198	1.0000	0.6739	1.0000
KRAS	0.0795	1.7234	1.0000	0.2753	1.0000
LZTR1	0.0787	0.8699	1.0000	0.0269	1.0000
SMAD3	0.0782	1.3093	1.0000	0.3806	1.0000
EFTUD2	0.0759	0.7246	1.0000	0.1219	1.0000
NAA15	0.0755	2.1242	1.0000	0.3981	1.0000
KMT2A	0.0746	1.3757	1.0000	0.3428	1.0000
BCOR	0.0741	3.1161	1.0000	0.1997	1.0000
TBX1	0.0730	1.1369	1.0000	0.0029	1.0000
EHMT1	0.0718	1.0803	1.0000	0.3181	1.0000
KDM5A	0.0687	1.3926	1.0000	0.5663	1.0000
FKTN	0.0672	0.9411	1.0000	0.2177	1.0000
MAP2K1	0.0662	1.0709	1.0000	0.2189	1.0000
SOS1	0.0618	1.4376	1.0000	0.7687	1.0000
ANKRD11	0.0614	1.3824	1.0000	0.7315	1.0000
FLII	0.0607	0.7712	1.0000	0.0938	1.0000
PRRC2B	0.0593	1.4972	1.0000	0.6642	1.0000
PRKD1	0.0591	0.6791	1.0000	0.6300	1.0000
SMARCA4	0.0568	1.5040	1.0000	0.2607	1.0000
KMT2D	0.0559	1.1301	1.0000	0.1203	1.0000
NALCN	0.0524	0.2599	1.0000	0.0181	1.0000
GATA5	0.0501	2.8021	1.0000	0.0128	1.0000
TMPO	0.0472	1.6301	1.0000	0.5150	1.0000
NPHP4	0.0447	1.0183	1.0000	0.0571	1.0000
PIGL	0.0430	1.1096	1.0000	0.1617	1.0000
ESCO2	0.0380	0.5993	1.0000	0.1078	1.0000
NSD2	0.0370	0.2674	1.0000	0.6009	1.0000
SF3B4	0.0367	0.7069	1.0000	0.0579	1.0000
GANAB	0.0365	0.5969	1.0000	0.1686	1.0000
DSCAML1	0.0351	2.4453	1.0000	0.0776	1.0000
TXNL4A	0.0340	0.6089	1.0000	0.1892	1.0000
WASHC5	0.0337	0.8908	1.0000	0.1455	1.0000
HRAS	0.0336	1.1800	1.0000	0.0174	1.0000
MAP2K2	0.0331	1.7838	1.0000	0.0607	1.0000
INVS	0.0325	0.8715	1.0000	0.4925	1.0000
MESP1	0.0309	0.3067	1.0000	0.0025	1.0000
PPL	0.0305	1.1323	1.0000	0.0301	1.0000
SON	0.0289	1.0103	1.0000	0.9741	1.0000
THOC6	0.0289	1.3424	1.0000	0.0259	1.0000
PSEN1	0.0270	0.7254	1.0000	0.2147	1.0000
TSC1	0.0256	0.8031	1.0000	0.1862	1.0000
NF1	0.0248	0.9673	1.0000	1.0730	1.0000
PIGV	0.0237	2.4784	1.0000	0.0151	1.0000
ARID1A	0.0235	2.5139	1.0000	0.6553	1.0000
GATAD1	0.0212	0.7009	1.0000	0.1607	1.0000
CREBBP	0.0207	2.4129	1.0000	0.6582	1.0000
NUP188	0.0197	0.8822	1.0000	0.1067	1.0000
U2SURP	0.0172	0.8960	1.0000	0.5749	1.0000
SMARCB1	0.0154	0.8873	1.0000	0.1505	1.0000
SHOC2	0.0149	1.4685	1.0000	0.5409	1.0000
DGUOK	0.0144	1.0705	1.0000	0.1720	1.0000
BAG5	0.0136	1.9276	1.0000	0.0891	1.0000
NIPBL	0.0119	1.8508	1.0000	1.2597	1.0000
SMARCE1	0.0093	1.3614	1.0000	0.1812	1.0000
VCL	0.0091	1.5430	1.0000	0.7692	1.0000
MAP3K7	0.0088	1.6034	1.0000	0.4109	1.0000
MYRF	0.0074	2.3785	1.0000	0.0368	1.0000
PSEN2	0.0074	1.9912	1.0000	0.0139	1.0000
MTO1	0.0055	0.5173	1.0000	0.0848	1.0000
SMAD4	0.0048	0.7777	1.0000	0.3066	1.0000
NODAL	0.0045	1.8441	1.0000	0.0033	1.0000
MED12	0.0035	0.6680	1.0000	0.0513	1.0000
HDAC8	-0.0001	0.2650	1.0000	0.0839	1.0000
MYLK2	-0.0005	0.2464	1.0000	0.0000	0.8326
B3GAT3	-0.0014	0.5892	1.0000	0.0342	1.0000
TRAF7	-0.0025	0.9166	1.0000	0.0527	1.0000
LMNA	-0.0042	3.1571	1.0000	0.3595	1.0000
PTPN11	-0.0047	0.6064	1.0000	0.2816	1.0000
ZEB2	-0.0065	2.2088	1.0000	1.1231	1.0000
TMEM260	-0.0176	0.6767	1.0000	0.1977	1.0000
RIT1	-0.0176	1.4882	1.0000	0.1380	1.0000
NOTCH2	-0.0185	4.6737	1.0000	0.4886	1.0000
CHST14	-0.0358	1.4927	1.0000	0.0324	1.0000
CLUH	-0.0475	1.8935	1.0000	0.0515	1.0000
RAD21	-0.0489	0.7294	1.0000	0.7403	1.0000
NRAS	-0.0500	0.3590	1.0000	0.1276	1.0000
SMC1A	-0.0530	0.6647	1.0000	0.3185	1.0000
KDM5B	-0.0542	0.9090	1.0000	0.4540	1.0000
COQ9	-0.0567	1.3529	1.0000	0.1667	1.0000
HNRNPK	-0.0702	1.3471	1.0000	0.8575	1.0000
NONO	-0.0704	0.4037	1.0000	0.4374	1.0000
CAD	-0.0746	1.2385	1.0000	0.0411	1.0000
MRPL44	-0.1053	0.5778	1.0000	0.0960	1.0000
CHD4	-0.1108	2.0816	1.0000	0.2272	1.0000
RPL5	-0.1550	1.5995	1.0000	1.8169	1.0000
CFC1		0.3803	1.0000	0.0000	0.0000
NKX2-6		0.1791	1.0000	0.0000	0.0000
