Gene	in_sc	in_sp	class	categories	traits
ABCC9	True	True	direct	CardiovascularDisease	DilatedCardiomyopathy
ABL1	True	False	impute	CHD	Atrial_septal_defect;Ventricular_septal_defect
ACTA2	True	False	impute	CardiovascularDisease	Familial_thoracic_aortic_aneurysm_and_aortic_dissection
ACTB	True	False	impute	PCGC_DeNovoVariants	PCGC_DeNovoVariants
ACTC1	True	False	impute	CHD;CardiovascularDisease	Atrial_septal_defect;DilatedCardiomyopathy;HypertrophicCardiomyopathy;Ventricular_septal_defect
ACTN2	True	False	impute	CardiovascularDisease	DilatedCardiomyopathy;HypertrophicCardiomyopathy
ACVR1	True	False	impute	CHD	Atrial_septal_defect;Atrioventricular_septal_defect;Malformation_of_the_outflow_tract
ACVR2B	True	False	impute	CHD	Atrial_septal_defect;Atrioventricular_septal_defect;Malformation_of_the_outflow_tract;Valve_defects;Ventricular_septal_defect
ADAMTS10	True	False	impute	CHD	Valve_defects;Ventricular_septal_defect
AHNAK	True	False	impute	PCGC_DeNovoVariants	PCGC_DeNovoVariants
AKAP12	True	False	impute	PCGC_DeNovoVariants	PCGC_DeNovoVariants
ALPK3	True	False	impute	CardiovascularDisease	HypertrophicCardiomyopathy
ANK3	True	False	impute	PCGC_DeNovoVariants	PCGC_DeNovoVariants
ANKRD1	True	False	impute	CardiovascularDisease	DilatedCardiomyopathy
ANKRD11	True	False	impute	CHD	Atrial_septal_defect;Atrioventricular_septal_defect;Valve_defects;Ventricular_septal_defect
ARID1A	True	False	impute	CHD	Atrial_septal_defect;Malformation_of_the_outflow_tract;Valve_defects;Ventricular_septal_defect
ARID1B	True	False	impute	CHD	Atrial_septal_defect;Atrioventricular_septal_defect
B3GAT3	True	False	impute	CHD	Atrial_septal_defect;Valve_defects
BAG3	True	False	impute	CardiovascularDisease	DilatedCardiomyopathy
BAG5	True	False	impute	CardiovascularDisease	DilatedCardiomyopathy
BCOR	True	False	impute	CHD	Atrial_septal_defect;Malformation_of_the_outflow_tract;Valve_defects
BMPR2	True	False	impute	CHD	Atrial_septal_defect;Atrioventricular_septal_defect;Malformation_of_the_outflow_tract
BRAF	True	False	impute	CHD;PCGC_DeNovoVariants	Atrial_septal_defect;PCGC_DeNovoVariants;Valve_defects
CACNA1A	True	False	impute	PCGC_DeNovoVariants	PCGC_DeNovoVariants
CAD	True	False	impute	PCGC_DeNovoVariants	PCGC_DeNovoVariants
CAP2	True	False	impute	CardiovascularDisease	DilatedCardiomyopathy
CAV3	True	False	impute	CardiovascularDisease	HypertrophicCardiomyopathy
CDK13	True	False	impute	CHD;PCGC_DeNovoVariants	Atrial_septal_defect;PCGC_DeNovoVariants;Valve_defects;Ventricular_septal_defect
CFC1	True	False	impute	CHD	Atrioventricular_septal_defect;Malformation_of_the_outflow_tract
CHD4	True	False	impute	CHD;PCGC_DeNovoVariants	Atrial_septal_defect;Malformation_of_the_outflow_tract;PCGC_DeNovoVariants;Ventricular_septal_defect
CHD7	True	False	impute	CHD;PCGC_DeNovoVariants	Atrial_septal_defect;PCGC_DeNovoVariants
CHST14	True	False	impute	CHD	Atrial_septal_defect;Malformation_of_the_outflow_tract
CITED2	True	False	impute	CHD	Atrial_septal_defect;Ventricular_septal_defect
CLUH	True	False	impute	PCGC_DeNovoVariants	PCGC_DeNovoVariants
COQ9	True	False	impute	CardiovascularDisease	HypertrophicCardiomyopathy
CORIN	True	False	impute	CardiovascularDisease	HypertrophicCardiomyopathy
CREBBP	True	False	impute	CHD	Atrial_septal_defect;Malformation_of_the_outflow_tract;Valve_defects
CRELD1	True	False	impute	CHD	Atrioventricular_septal_defect
CRYAB	True	False	impute	CardiovascularDisease	DilatedCardiomyopathy
CSRP3	True	False	impute	CardiovascularDisease	DilatedCardiomyopathy;HypertrophicCardiomyopathy
CTNNB1	True	False	impute	PCGC_DeNovoVariants	PCGC_DeNovoVariants
CYP21A2	True	False	impute	PCGC_DeNovoVariants	PCGC_DeNovoVariants
DES	True	True	direct	CardiovascularDisease	DilatedCardiomyopathy
DGUOK	True	False	impute	PCGC_DeNovoVariants	PCGC_DeNovoVariants
DLL4	True	False	impute	CHD	Malformation_of_the_outflow_tract;Valve_defects;Ventricular_septal_defect
DMD	True	False	impute	CardiovascularDisease	DilatedCardiomyopathy
DNAH11	True	False	impute	CHD	Atrial_septal_defect;Atrioventricular_septal_defect;Malformation_of_the_outflow_tract;Single_ventricle_disease;Valve_defects
DNAH5	True	False	impute	CHD	Atrial_septal_defect;Atrioventricular_septal_defect;Ventricular_septal_defect
DSCAML1	True	False	impute	PCGC_DeNovoVariants	PCGC_DeNovoVariants
DSG2	True	False	impute	CardiovascularDisease	DilatedCardiomyopathy
DSP	True	False	impute	CardiovascularDisease	DilatedCardiomyopathy
DTNA	True	False	impute	PCGC_DeNovoVariants	PCGC_DeNovoVariants
EFTUD2	True	False	impute	CHD	Atrial_septal_defect
EHMT1	True	False	impute	CHD	Valve_defects
ELN	True	False	impute	CHD;PCGC_DeNovoVariants	Atrial_septal_defect;PCGC_DeNovoVariants;Valve_defects
ESCO2	True	False	impute	CHD	Valve_defects;Ventricular_septal_defect
EVC	True	False	impute	CHD	Atrial_septal_defect;Atrioventricular_septal_defect;Malformation_of_the_outflow_tract;Valve_defects;Ventricular_septal_defect
EVC2	True	False	impute	CHD	Atrial_septal_defect;Atrioventricular_septal_defect;Malformation_of_the_outflow_tract;Valve_defects;Ventricular_septal_defect
EYA4	True	False	impute	CardiovascularDisease	DilatedCardiomyopathy
FBN1	True	False	impute	CHD;CardiovascularDisease;PCGC_DeNovoVariants	Familial_thoracic_aortic_aneurysm_and_aortic_dissection;PCGC_DeNovoVariants;Valve_defects
FBN3	True	False	impute	PCGC_DeNovoVariants	PCGC_DeNovoVariants
FGFR2	True	False	impute	CHD	Atrial_septal_defect;Malformation_of_the_outflow_tract;Single_ventricle_disease;Valve_defects
FHOD3	True	False	impute	CardiovascularDisease	HypertrophicCardiomyopathy
FKTN	True	False	impute	CardiovascularDisease	DilatedCardiomyopathy
FLII	True	False	impute	CardiovascularDisease	DilatedCardiomyopathy
FLNA	True	False	impute	CHD	Atrial_septal_defect;Atrioventricular_septal_defect;Malformation_of_the_outflow_tract;Single_ventricle_disease
FLNC	True	False	impute	CardiovascularDisease	HypertrophicCardiomyopathy
FLT4	True	False	impute	CHD;PCGC_DeNovoVariants	Malformation_of_the_outflow_tract;PCGC_DeNovoVariants
FNIP1	True	False	impute	CardiovascularDisease	HypertrophicCardiomyopathy
FOXC1	True	True	direct	CHD	Atrial_septal_defect;Malformation_of_the_outflow_tract
FOXC2	True	False	impute	CHD	Malformation_of_the_outflow_tract
FOXE3	False	False	missing	CardiovascularDisease	Familial_thoracic_aortic_aneurysm_and_aortic_dissection
FOXH1	False	False	missing	CHD	Malformation_of_the_outflow_tract
FOXP1	True	False	impute	CHD	Atrial_septal_defect;Atrioventricular_septal_defect;Single_ventricle_disease;Valve_defects
FRYL	True	False	impute	PCGC_DeNovoVariants	PCGC_DeNovoVariants
GANAB	True	False	impute	PCGC_DeNovoVariants	PCGC_DeNovoVariants
GATA4	True	False	impute	CHD	Atrial_septal_defect;Atrioventricular_septal_defect;Malformation_of_the_outflow_tract;Single_ventricle_disease;Valve_defects;Ventricular_septal_defect
GATA5	True	False	impute	CHD	Atrial_septal_defect;Malformation_of_the_outflow_tract;Valve_defects
GATA6	True	False	impute	CHD;PCGC_DeNovoVariants	Atrial_septal_defect;Atrioventricular_septal_defect;Malformation_of_the_outflow_tract;PCGC_DeNovoVariants;Valve_defects
GATAD1	True	False	impute	CardiovascularDisease	DilatedCardiomyopathy
GDF1	False	False	missing	CHD	Atrioventricular_septal_defect;Malformation_of_the_outflow_tract;Valve_defects;Ventricular_septal_defect
GET3	False	False	missing	CardiovascularDisease	DilatedCardiomyopathy
GJA1	True	True	direct	CHD	Single_ventricle_disease;Valve_defects;Ventricular_septal_defect
GLI3	True	False	impute	CHD	Atrial_septal_defect;Atrioventricular_septal_defect;Malformation_of_the_outflow_tract;Valve_defects;Ventricular_septal_defect
GPBAR1	True	False	impute	PCGC_DeNovoVariants	PCGC_DeNovoVariants
GPC3	True	False	impute	CHD	Atrial_septal_defect;Valve_defects
HAAO	True	False	impute	CHD	Atrial_septal_defect;Single_ventricle_disease;Valve_defects
HAND1	True	True	direct	CHD	Single_ventricle_disease;Ventricular_septal_defect
HAND2	True	True	direct	CHD	Malformation_of_the_outflow_tract;Valve_defects;Ventricular_septal_defect
HDAC8	True	False	impute	CHD	Atrial_septal_defect;Ventricular_septal_defect
HNRNPK	True	False	impute	CHD	Atrial_septal_defect;Malformation_of_the_outflow_tract;Valve_defects
HRAS	True	False	impute	CHD	Atrial_septal_defect;Valve_defects
INVS	True	False	impute	CHD	Valve_defects
ITSN2	True	False	impute	PCGC_DeNovoVariants	PCGC_DeNovoVariants
JAG1	True	True	direct	CHD;PCGC_DeNovoVariants	Malformation_of_the_outflow_tract;PCGC_DeNovoVariants;Valve_defects;Ventricular_septal_defect
JPH2	True	False	impute	CardiovascularDisease	DilatedCardiomyopathy;HypertrophicCardiomyopathy
KANSL1	True	False	impute	CHD	Atrial_septal_defect;Valve_defects
KAT6A	True	False	impute	CHD	Atrial_septal_defect
KAT6B	True	False	impute	CHD	Atrial_septal_defect
KDM2B	True	False	impute	CHD	Atrial_septal_defect;Ventricular_septal_defect
KDM5A	True	False	impute	PCGC_DeNovoVariants	PCGC_DeNovoVariants
KDM5B	True	False	impute	PCGC_DeNovoVariants	PCGC_DeNovoVariants
KDM6A	True	False	impute	CHD	Atrial_septal_defect;Single_ventricle_disease;Valve_defects;Ventricular_septal_defect
KDR	True	False	impute	CHD	Malformation_of_the_outflow_tract
KLHL24	True	False	impute	CardiovascularDisease	HypertrophicCardiomyopathy
KMT2A	True	False	impute	CHD;PCGC_DeNovoVariants	Atrial_septal_defect;PCGC_DeNovoVariants
KMT2C	True	False	impute	PCGC_DeNovoVariants	PCGC_DeNovoVariants
KMT2D	True	False	impute	CHD;PCGC_DeNovoVariants	Atrial_septal_defect;Malformation_of_the_outflow_tract;PCGC_DeNovoVariants;Valve_defects
KRAS	True	False	impute	CHD	Atrial_septal_defect;Valve_defects;Ventricular_septal_defect
KRT13	True	False	impute	PCGC_DeNovoVariants	PCGC_DeNovoVariants
KYNU	True	False	impute	CHD	Atrial_septal_defect;Malformation_of_the_outflow_tract;Single_ventricle_disease;Valve_defects
LAMA4	True	False	impute	CardiovascularDisease	DilatedCardiomyopathy
LDB3	True	False	impute	CardiovascularDisease	DilatedCardiomyopathy
LMNA	True	False	impute	CardiovascularDisease	DilatedCardiomyopathy
LMOD2	True	False	impute	CardiovascularDisease	DilatedCardiomyopathy
LOX	True	False	impute	CardiovascularDisease	Familial_thoracic_aortic_aneurysm_and_aortic_dissection
LRP1	True	False	impute	PCGC_DeNovoVariants	PCGC_DeNovoVariants
LTBP2	True	False	impute	CHD	Malformation_of_the_outflow_tract;Valve_defects
LZTR1	True	False	impute	CHD;PCGC_DeNovoVariants	Atrial_septal_defect;PCGC_DeNovoVariants;Valve_defects
MAP2K1	True	False	impute	CHD	Atrial_septal_defect;Valve_defects
MAP2K2	True	False	impute	CHD	Atrial_septal_defect;Valve_defects
MAP3K7	True	False	impute	CHD	Valve_defects
MED12	True	False	impute	CHD	Atrial_septal_defect;Valve_defects
MED13L	True	False	impute	CHD	Malformation_of_the_outflow_tract
MEIS2	True	False	impute	CHD	Atrial_septal_defect;Malformation_of_the_outflow_tract;Single_ventricle_disease;Valve_defects;Ventricular_septal_defect
MESP1	True	False	impute	CHD	Malformation_of_the_outflow_tract;Ventricular_septal_defect
MFAP5	True	True	direct	CardiovascularDisease	Familial_thoracic_aortic_aneurysm_and_aortic_dissection
MINK1	True	False	impute	PCGC_DeNovoVariants	PCGC_DeNovoVariants
MRPL44	True	False	impute	CardiovascularDisease	HypertrophicCardiomyopathy
MTO1	True	False	impute	CardiovascularDisease	HypertrophicCardiomyopathy
MYBPC3	True	False	impute	CHD;CardiovascularDisease	Atrial_septal_defect;DilatedCardiomyopathy;HypertrophicCardiomyopathy
MYH11	True	True	direct	CardiovascularDisease	Familial_thoracic_aortic_aneurysm_and_aortic_dissection
MYH6	True	True	direct	CHD;CardiovascularDisease;PCGC_DeNovoVariants	Atrial_septal_defect;DilatedCardiomyopathy;HypertrophicCardiomyopathy;Malformation_of_the_outflow_tract;PCGC_DeNovoVariants;Valve_defects
MYH7	True	True	direct	CHD;CardiovascularDisease	Atrial_septal_defect;DilatedCardiomyopathy;HypertrophicCardiomyopathy;Valve_defects
MYL2	True	False	impute	CardiovascularDisease	HypertrophicCardiomyopathy
MYL3	True	False	impute	CardiovascularDisease	HypertrophicCardiomyopathy
MYLK	True	False	impute	CardiovascularDisease	Familial_thoracic_aortic_aneurysm_and_aortic_dissection
MYLK2	True	False	impute	CardiovascularDisease	HypertrophicCardiomyopathy
MYO7B	True	False	impute	PCGC_DeNovoVariants	PCGC_DeNovoVariants
MYOZ2	True	False	impute	CardiovascularDisease	HypertrophicCardiomyopathy
MYPN	True	False	impute	CardiovascularDisease	DilatedCardiomyopathy
MYRF	True	False	impute	PCGC_DeNovoVariants	PCGC_DeNovoVariants
NAA15	True	False	impute	PCGC_DeNovoVariants	PCGC_DeNovoVariants
NALCN	True	False	impute	PCGC_DeNovoVariants	PCGC_DeNovoVariants
NEXN	True	False	impute	CardiovascularDisease	DilatedCardiomyopathy;HypertrophicCardiomyopathy
NF1	True	False	impute	CHD	Atrial_septal_defect;Malformation_of_the_outflow_tract;Valve_defects;Ventricular_septal_defect
NGFR	True	False	impute	PCGC_DeNovoVariants	PCGC_DeNovoVariants
NIPBL	True	False	impute	CHD	Atrial_septal_defect;Ventricular_septal_defect
NKX2-5	True	True	direct	CHD	Atrial_septal_defect;Atrioventricular_septal_defect;Malformation_of_the_outflow_tract;Single_ventricle_disease;Valve_defects;Ventricular_septal_defect
NKX2-6	True	False	impute	CHD	Malformation_of_the_outflow_tract;Ventricular_septal_defect
NODAL	True	False	impute	CHD	Atrial_septal_defect;Atrioventricular_septal_defect;Malformation_of_the_outflow_tract;Single_ventricle_disease;Valve_defects
NONO	True	False	impute	CHD	Atrial_septal_defect;Valve_defects
NOTCH1	True	True	direct	CHD;PCGC_DeNovoVariants	Malformation_of_the_outflow_tract;PCGC_DeNovoVariants;Single_ventricle_disease;Valve_defects
NOTCH2	True	False	impute	CHD	Atrial_septal_defect;Malformation_of_the_outflow_tract;Valve_defects
NPHP3	True	False	impute	CHD	Atrial_septal_defect;Valve_defects
NPHP4	True	False	impute	CHD	Atrioventricular_septal_defect;Malformation_of_the_outflow_tract
NR2F2	True	True	direct	CHD	Atrial_septal_defect;Atrioventricular_septal_defect
NR6A1	True	False	impute	PCGC_DeNovoVariants	PCGC_DeNovoVariants
NRAS	True	False	impute	CHD	Valve_defects
NSD1	True	False	impute	CHD;PCGC_DeNovoVariants	Atrial_septal_defect;PCGC_DeNovoVariants;Valve_defects
NSD2	True	False	impute	PCGC_DeNovoVariants	PCGC_DeNovoVariants
NUP188	True	False	impute	CHD	Valve_defects
PBX1	True	False	impute	CHD	Atrial_septal_defect;Malformation_of_the_outflow_tract;Valve_defects
PIGL	True	False	impute	CHD	Malformation_of_the_outflow_tract;Valve_defects;Ventricular_septal_defect
PIGV	True	False	impute	CHD	Atrial_septal_defect
PITX2	True	True	direct	CHD	Atrial_septal_defect;Malformation_of_the_outflow_tract;Ventricular_septal_defect
PKD1L1	True	False	impute	CHD	Malformation_of_the_outflow_tract;Single_ventricle_disease;Valve_defects;Ventricular_septal_defect
PLN	True	True	direct	CardiovascularDisease	DilatedCardiomyopathy;HypertrophicCardiomyopathy
POGZ	True	False	impute	PCGC_DeNovoVariants	PCGC_DeNovoVariants
PPCS	True	False	impute	CardiovascularDisease	DilatedCardiomyopathy
PPL	True	False	impute	PCGC_DeNovoVariants	PCGC_DeNovoVariants
PRKACB	True	False	impute	CHD	Atrioventricular_septal_defect
PRKAG2	True	False	impute	CardiovascularDisease	HypertrophicCardiomyopathy
PRKD1	True	False	impute	CHD	Atrioventricular_septal_defect;Malformation_of_the_outflow_tract;Valve_defects
PRKG1	True	False	impute	CardiovascularDisease	Familial_thoracic_aortic_aneurysm_and_aortic_dissection
PRRC2B	True	False	impute	PCGC_DeNovoVariants	PCGC_DeNovoVariants
PSEN1	True	False	impute	CardiovascularDisease	DilatedCardiomyopathy
PSEN2	True	False	impute	CardiovascularDisease	DilatedCardiomyopathy
PTEN	True	False	impute	PCGC_DeNovoVariants	PCGC_DeNovoVariants
PTPN11	True	False	impute	CHD;PCGC_DeNovoVariants	Atrial_septal_defect;PCGC_DeNovoVariants;Valve_defects
PYGL	True	False	impute	PCGC_DeNovoVariants	PCGC_DeNovoVariants
RAB23	True	False	impute	CHD	Atrial_septal_defect;Malformation_of_the_outflow_tract
RABGAP1L	True	True	direct	PCGC_DeNovoVariants	PCGC_DeNovoVariants
RAD21	True	False	impute	CHD	Malformation_of_the_outflow_tract
RAF1	True	False	impute	CHD;CardiovascularDisease;PCGC_DeNovoVariants	Atrial_septal_defect;DilatedCardiomyopathy;Malformation_of_the_outflow_tract;PCGC_DeNovoVariants;Valve_defects
RBFOX2	True	False	impute	CHD;PCGC_DeNovoVariants	PCGC_DeNovoVariants;Single_ventricle_disease
RBM20	True	False	impute	CardiovascularDisease	DilatedCardiomyopathy
RERE	True	False	impute	CHD	Atrial_septal_defect
RIT1	True	False	impute	CHD;PCGC_DeNovoVariants	Atrial_septal_defect;PCGC_DeNovoVariants;Valve_defects
RNF220	True	False	impute	CardiovascularDisease	DilatedCardiomyopathy
RPL3L	True	False	impute	CardiovascularDisease	DilatedCardiomyopathy
RPL5	True	False	impute	PCGC_DeNovoVariants	PCGC_DeNovoVariants
RRAGD	True	False	impute	CardiovascularDisease	DilatedCardiomyopathy
RYR3	True	False	impute	PCGC_DeNovoVariants	PCGC_DeNovoVariants
SALL1	True	False	impute	CHD	Atrial_septal_defect;Malformation_of_the_outflow_tract;Valve_defects;Ventricular_septal_defect
SALL4	True	False	impute	CHD	Malformation_of_the_outflow_tract
SAMD11	True	False	impute	PCGC_DeNovoVariants	PCGC_DeNovoVariants
SCN10A	True	False	impute	PCGC_DeNovoVariants	PCGC_DeNovoVariants
SCN5A	True	True	direct	CardiovascularDisease	DilatedCardiomyopathy
SDHA	True	False	impute	CardiovascularDisease	DilatedCardiomyopathy
SETD5	True	False	impute	CHD	Atrial_septal_defect;Atrioventricular_septal_defect;Valve_defects
SF3B4	True	False	impute	CHD	Atrioventricular_septal_defect;Malformation_of_the_outflow_tract
SGCD	True	False	impute	CardiovascularDisease	DilatedCardiomyopathy
SHOC2	True	False	impute	CHD	Atrial_septal_defect;Valve_defects;Ventricular_septal_defect
SMAD2	True	False	impute	CHD;PCGC_DeNovoVariants	Atrial_septal_defect;Atrioventricular_septal_defect;Malformation_of_the_outflow_tract;PCGC_DeNovoVariants;Valve_defects
SMAD3	True	False	impute	CHD;CardiovascularDisease	Familial_thoracic_aortic_aneurysm_and_aortic_dissection;Single_ventricle_disease;Valve_defects
SMAD4	True	False	impute	CHD	Atrial_septal_defect;Malformation_of_the_outflow_tract;Valve_defects
SMAD6	True	False	impute	CHD	Malformation_of_the_outflow_tract;Valve_defects
SMARCA4	True	False	impute	CHD	Atrial_septal_defect;Single_ventricle_disease;Valve_defects
SMARCB1	True	False	impute	CHD	Atrial_septal_defect;Valve_defects;Ventricular_septal_defect
SMARCE1	True	False	impute	CHD	Atrial_septal_defect;Valve_defects
SMC1A	True	False	impute	CHD	Atrial_septal_defect;Valve_defects;Ventricular_septal_defect
SMC3	True	False	impute	CHD	Atrial_septal_defect;Malformation_of_the_outflow_tract;Valve_defects
SMG9	True	False	impute	CHD	Valve_defects
SON	True	False	impute	CHD	Atrial_septal_defect
SOS1	True	False	impute	CHD;PCGC_DeNovoVariants	Atrial_septal_defect;PCGC_DeNovoVariants;Valve_defects;Ventricular_septal_defect
STRA6	True	False	impute	CHD	Atrial_septal_defect;Malformation_of_the_outflow_tract;Single_ventricle_disease
TAB2	True	False	impute	CHD	Atrial_septal_defect;Malformation_of_the_outflow_tract;Valve_defects
TAFAZZIN	False	False	missing	CardiovascularDisease	DilatedCardiomyopathy
TBX1	True	False	impute	CHD	Malformation_of_the_outflow_tract;Ventricular_septal_defect
TBX20	True	False	impute	CHD	Atrial_septal_defect;Malformation_of_the_outflow_tract;Single_ventricle_disease
TBX5	True	True	direct	CHD;PCGC_DeNovoVariants	Atrial_septal_defect;Atrioventricular_septal_defect;PCGC_DeNovoVariants;Ventricular_septal_defect
TCAP	True	False	impute	CardiovascularDisease	DilatedCardiomyopathy;HypertrophicCardiomyopathy
TFAP2B	True	False	impute	CHD	Malformation_of_the_outflow_tract
TGFBR1	True	False	impute	CHD;CardiovascularDisease	Atrial_septal_defect;Familial_thoracic_aortic_aneurysm_and_aortic_dissection
TGFBR2	True	False	impute	CHD;CardiovascularDisease	Atrial_septal_defect;Familial_thoracic_aortic_aneurysm_and_aortic_dissection;Valve_defects
THOC6	True	False	impute	CHD	Atrial_septal_defect
THSD4	True	False	impute	CardiovascularDisease	Familial_thoracic_aortic_aneurysm_and_aortic_dissection
TLL1	True	False	impute	CHD	Atrial_septal_defect
TMEM260	True	False	impute	CHD	Malformation_of_the_outflow_tract;Valve_defects;Ventricular_septal_defect
TMPO	True	False	impute	CardiovascularDisease	DilatedCardiomyopathy
TNNC1	True	False	impute	CardiovascularDisease	DilatedCardiomyopathy;HypertrophicCardiomyopathy
TNNI3	True	False	impute	CardiovascularDisease	DilatedCardiomyopathy;HypertrophicCardiomyopathy
TNNT2	True	False	impute	CardiovascularDisease	DilatedCardiomyopathy;HypertrophicCardiomyopathy
TPM1	True	False	impute	CardiovascularDisease	DilatedCardiomyopathy;HypertrophicCardiomyopathy
TRAF7	True	False	impute	CHD	Atrial_septal_defect;Single_ventricle_disease;Valve_defects
TSC1	True	False	impute	PCGC_DeNovoVariants	PCGC_DeNovoVariants
TTN	True	True	direct	CardiovascularDisease	DilatedCardiomyopathy;HypertrophicCardiomyopathy
TXNL4A	True	False	impute	CHD	Atrial_septal_defect
U2SURP	True	False	impute	PCGC_DeNovoVariants	PCGC_DeNovoVariants
UBR1	True	False	impute	CHD	Atrial_septal_defect;Malformation_of_the_outflow_tract
VCL	True	False	impute	CardiovascularDisease	DilatedCardiomyopathy;HypertrophicCardiomyopathy
VEZF1	True	False	impute	CardiovascularDisease	DilatedCardiomyopathy
WASHC5	True	False	impute	CHD;PCGC_DeNovoVariants	Atrial_septal_defect;PCGC_DeNovoVariants
ZEB2	True	False	impute	CHD;PCGC_DeNovoVariants	Atrial_septal_defect;Malformation_of_the_outflow_tract;PCGC_DeNovoVariants;Valve_defects
ZFPM2	True	False	impute	CHD	Malformation_of_the_outflow_tract
ZIC3	False	False	missing	CHD	Atrial_septal_defect;Atrioventricular_septal_defect;Malformation_of_the_outflow_tract;Single_ventricle_disease;Valve_defects
