gene	peak_celltype	lineage	source	peak_mean
ABCC9	Pericyte	Mural	direct	1.1176
ABL1	WBC	Immune	imputed	0.7373
ACTA2	aCM-LA	aCM	imputed	0.9798
ACTB	BEC	Endothelial	imputed	1.6299
ACTC1	vCM-RV-Compact	vCM	imputed	3.7152
ACTN2	vCM-RV-Compact	vCM	imputed	2.1958
ACVR1	VEC	Endothelial	imputed	0.7412
ACVR2B	ncCM-IFT-like	ncCM	imputed	0.1857
ADAMTS10	adFibro	Fibroblast	imputed	0.1399
AHNAK	vCM-RV-Proliferating	vCM	imputed	1.0198
AKAP12	adFibro	Fibroblast	imputed	1.3674
ALPK3	vCM-RV-Compact	vCM	imputed	0.6687
ANK3	vCM-LV-Hybrid	vCM	imputed	1.8118
ANKRD1	aCM-RA	aCM	imputed	1.3246
ANKRD11	BEC	Endothelial	imputed	0.9791
ARID1A	vCM-RV-Proliferating	vCM	imputed	0.8097
ARID1B	VSMC	Mural	imputed	1.8195
B3GAT3	VEC	Endothelial	imputed	0.0936
BAG3	vCM-RV-Proliferating	vCM	imputed	0.3070
BAG5	vCM-RV-Hybrid	vCM	imputed	0.1206
BCOR	ncCM-AVC-like	ncCM	imputed	0.3724
BMPR2	aEndocardial	Endothelial	imputed	1.3784
BRAF	BEC	Endothelial	imputed	0.9535
CACNA1A	Compact vFibro	Fibroblast	imputed	0.1162
CAD	LEC	Endothelial	imputed	0.0765
CAP2	vCM-RV-Compact	vCM	imputed	1.2758
CAV3	vCM-LV-Trabecular II	vCM	imputed	0.1854
CDK13	aEndocardial	Endothelial	imputed	0.9161
CFC1	BEC	Endothelial	imputed	0.0000
CHD4	vCM-LV-Compact II	vCM	imputed	0.3469
CHD7	BEC	Endothelial	imputed	1.0412
CHST14	Compact vFibro	Fibroblast	imputed	0.0685
CITED2	vCM-RV-Compact	vCM	imputed	0.2911
CLUH	vCM-RV-Hybrid	vCM	imputed	0.0863
COQ9	vCM-RV-Compact	vCM	imputed	0.2628
CORIN	aCM-LA	aCM	imputed	1.7831
CREBBP	ncCM-AVC-like	ncCM	imputed	0.7806
CRELD1	aEndocardial	Endothelial	imputed	0.1197
CRYAB	vCM-RV-Compact	vCM	imputed	2.5667
CSRP3	vCM-RV-Compact	vCM	imputed	2.3427
CTNNB1	BEC	Endothelial	imputed	1.1371
CYP21A2	LEC	Endothelial	imputed	0.0125
DES	vCM-RV-Hybrid	vCM	direct	3.0149
DGUOK	vCM-LV-AV	vCM	imputed	0.2307
DLL4	BEC	Endothelial	imputed	0.1177
DMD	vCM-LV-Hybrid	vCM	imputed	2.9664
DNAH11	vCM-LV-Hybrid	vCM	imputed	0.4330
DNAH5	vCM-IVS-His	vCM	imputed	0.0163
DSCAML1	aEndocardial	Endothelial	imputed	0.2178
DSG2	vCM-RV-Proliferating	vCM	imputed	0.3115
DSP	vCM-RV-Hybrid	vCM	imputed	1.3958
DTNA	vCM-LV-Hybrid	vCM	imputed	1.1482
EFTUD2	LEC	Endothelial	imputed	0.1567
EHMT1	BEC	Endothelial	imputed	0.4463
ELN	VSMC	Mural	imputed	1.6806
ESCO2	Proliferating vFibro	Fibroblast	imputed	0.1660
EVC	VIC	VIC	imputed	0.2152
EVC2	VIC	VIC	imputed	0.2207
EYA4	Neuronal	Neural	imputed	0.4614
FBN1	adFibro	Fibroblast	imputed	2.1595
FBN3	Neuronal	Neural	imputed	0.1129
FGFR2	aCM-LA	aCM	imputed	0.5235
FHOD3	vCM-LV-Hybrid	vCM	imputed	2.7103
FKTN	VIC	VIC	imputed	0.3037
FLII	ncCM-AVC-like	ncCM	imputed	0.1481
FLNA	VSMC	Mural	imputed	0.2468
FLNC	vCM-RV-Compact	vCM	imputed	0.4333
FLT4	LEC	Endothelial	imputed	0.3332
FNIP1	vCM-LV-Trabecular I	vCM	imputed	0.2102
FOXC1	aEndocardial	Endothelial	direct	1.1168
FOXC2	VEC	Endothelial	imputed	0.0528
FOXP1	aEndocardial	Endothelial	imputed	0.8651
FRYL	BEC	Endothelial	imputed	1.3096
GANAB	LEC	Endothelial	imputed	0.2380
GATA4	ncCM-AVC-like	ncCM	imputed	1.2855
GATA5	vCM-IVS-His	vCM	imputed	0.0523
GATA6	VIC	VIC	imputed	1.0929
GATAD1	ncCM-AVC-like	ncCM	imputed	0.2192
GJA1	LEC	Endothelial	direct	2.3543
GLI3	adFibro	Fibroblast	imputed	1.1373
GPBAR1	aEndocardial	Endothelial	imputed	0.0194
GPC3	Compact vFibro	Fibroblast	imputed	1.4980
HAAO	EPDC	Fibroblast	imputed	0.1378
HAND1	vCM-LV-AV	vCM	direct	0.2130
HAND2	ncCM-AVC-like	ncCM	direct	1.0706
HDAC8	aEndocardial	Endothelial	imputed	0.1336
HNRNPK	vCM-RV-Proliferating	vCM	imputed	1.1562
HRAS	LEC	Endothelial	imputed	0.0375
INVS	VEC	Endothelial	imputed	0.7844
ITSN2	WBC	Immune	imputed	1.0982
JAG1	VSMC	Mural	direct	1.3434
JPH2	vCM-LV-Hybrid	vCM	imputed	0.6379
KANSL1	WBC	Immune	imputed	1.2385
KAT6A	BEC	Endothelial	imputed	0.8385
KAT6B	ncCM-AVC-like	ncCM	imputed	1.0374
KDM2B	WBC	Immune	imputed	0.3339
KDM5A	ncCM-AVC-like	ncCM	imputed	0.6401
KDM5B	VEC	Endothelial	imputed	0.6071
KDM6A	ncCM-AVC-like	ncCM	imputed	1.2822
KDR	BEC	Endothelial	imputed	1.0356
KLHL24	vCM-LV-Hybrid	vCM	imputed	0.8881
KMT2A	Neuronal	Neural	imputed	0.4854
KMT2C	WBC	Immune	imputed	1.5686
KMT2D	BEC	Endothelial	imputed	0.1725
KRAS	vEndocardial	Endothelial	imputed	0.3684
KRT13	adFibro	Fibroblast	imputed	0.0001
KYNU	WBC	Immune	imputed	0.6990
LAMA4	Compact vFibro	Fibroblast	imputed	1.5670
LDB3	vCM-LV-Hybrid	vCM	imputed	2.0612
LMNA	vCM-LV-AV	vCM	imputed	0.5998
LMOD2	vCM-RV-Compact	vCM	imputed	0.8239
LOX	adFibro	Fibroblast	imputed	0.5275
LRP1	EPDC	Fibroblast	imputed	0.5360
LTBP2	VIC	VIC	imputed	0.2771
LZTR1	VSMC	Mural	imputed	0.0589
MAP2K1	WBC	Immune	imputed	0.3891
MAP2K2	aCM-LA	aCM	imputed	0.1076
MAP3K7	vCM-IVS-His	vCM	imputed	0.5754
MED12	vCM-LV-AV	vCM	imputed	0.1035
MED13L	WBC	Immune	imputed	2.3440
MEIS2	VIC	VIC	imputed	2.0295
MESP1	ncCM-AVC-like	ncCM	imputed	0.0098
MFAP5	adFibro	Fibroblast	direct	0.2219
MINK1	aEndocardial	Endothelial	imputed	0.1432
MRPL44	vCM-RV-Compact	vCM	imputed	0.1541
MTO1	vCM-LV-AV	vCM	imputed	0.1168
MYBPC3	vCM-LV-Hybrid	vCM	imputed	1.3827
MYH11	VSMC	Mural	direct	1.9030
MYH6	aCM-LA	aCM	direct	3.2630
MYH7	vCM-RV-Hybrid	vCM	direct	4.2218
MYL2	vCM-RV-Compact	vCM	imputed	3.4406
MYL3	vCM-RV-Compact	vCM	imputed	2.5273
MYLK	Pericyte	Mural	imputed	0.3632
MYLK2	vCM-LV/RV-Purkinje	vCM	imputed	0.0000
MYO7B	VEC	Endothelial	imputed	0.0114
MYOZ2	vCM-RV-Compact	vCM	imputed	1.2586
MYPN	aCM-LA	aCM	imputed	0.3440
MYRF	Epicardial	Fibroblast	imputed	0.1179
NAA15	vEndocardial	Endothelial	imputed	0.4665
NALCN	LEC	Endothelial	imputed	0.2139
NEXN	vCM-RV-Compact	vCM	imputed	1.9679
NF1	VSMC	Mural	imputed	1.4082
NGFR	Neuronal	Neural	imputed	0.1304
NIPBL	WBC	Immune	imputed	1.5561
NKX2-5	vCM-IVS-His	vCM	direct	0.6689
NKX2-6	BEC	Endothelial	imputed	0.0000
NODAL	aEndocardial	Endothelial	imputed	0.0104
NONO	vCM-RV-Proliferating	vCM	imputed	0.5810
NOTCH1	LEC	Endothelial	direct	1.3723
NOTCH2	Pericyte	Mural	imputed	0.7732
NPHP3	aEndocardial	Endothelial	imputed	0.1762
NPHP4	Neuronal	Neural	imputed	0.1071
NR2F2	LEC	Endothelial	direct	1.6312
NR6A1	vCM-RV-Proliferating	vCM	imputed	0.6197
NRAS	vCM-RV-Proliferating	vCM	imputed	0.1900
NSD1	vEndocardial	Endothelial	imputed	0.8272
NSD2	vCM-RV-Proliferating	vCM	imputed	0.8281
NUP188	Neuronal	Neural	imputed	0.1317
PBX1	adFibro	Fibroblast	imputed	2.2675
PIGL	adFibro	Fibroblast	imputed	0.2525
PIGV	VEC	Endothelial	imputed	0.0256
PITX2	Epicardial	Fibroblast	direct	0.1208
PKD1L1	BEC	Endothelial	imputed	0.0882
PLN	vCM-RV-Compact	vCM	direct	2.9990
POGZ	VEC	Endothelial	imputed	0.7920
PPCS	aCM-LA	aCM	imputed	0.1393
PPL	LEC	Endothelial	imputed	0.0637
PRKACB	Neuronal	Neural	imputed	0.8462
PRKAG2	aCM-LA	aCM	imputed	1.7028
PRKD1	adFibro	Fibroblast	imputed	1.3451
PRKG1	Compact vFibro	Fibroblast	imputed	3.3723
PRRC2B	ncCM-AVC-like	ncCM	imputed	0.8033
PSEN1	WBC	Immune	imputed	0.3498
PSEN2	LEC	Endothelial	imputed	0.0565
PTEN	Pericyte	Mural	imputed	1.6010
PTPN11	vCM-RV-Compact	vCM	imputed	0.3608
PYGL	WBC	Immune	imputed	0.5054
RAB23	adFibro	Fibroblast	imputed	0.2489
RABGAP1L	aCM-RA	aCM	direct	0.8666
RAD21	vCM-RV-Proliferating	vCM	imputed	1.2384
RAF1	aCM-LA	aCM	imputed	0.6178
RBFOX2	adFibro	Fibroblast	imputed	1.6570
RBM20	vCM-LV-Hybrid	vCM	imputed	2.7464
RERE	BEC	Endothelial	imputed	1.8491
RIT1	vCM-RV-Compact	vCM	imputed	0.1960
RNF220	vCM-RV-Proliferating	vCM	imputed	0.2977
RPL3L	vCM-LV-Trabecular II	vCM	imputed	0.0526
RPL5	vCM-RV-Compact	vCM	imputed	2.5067
RRAGD	vCM-RV-Compact	vCM	imputed	0.3835
RYR3	aCM-LA	aCM	imputed	0.9973
SALL1	VEC	Endothelial	imputed	0.2325
SALL4	VEC	Endothelial	imputed	0.0694
SAMD11	Neuronal	Neural	imputed	0.1265
SCN10A	VIC	VIC	imputed	0.0007
SCN5A	vCM-LV/RV-Purkinje	vCM	direct	0.7717
SDHA	vCM-RV-Compact	vCM	imputed	0.8653
SETD5	aEndocardial	Endothelial	imputed	1.0754
SF3B4	vCM-LV-AV	vCM	imputed	0.0981
SGCD	adFibro	Fibroblast	imputed	1.7047
SHOC2	ncCM-AVC-like	ncCM	imputed	0.7335
SMAD2	aCM-LA	aCM	imputed	0.8390
SMAD3	Proliferating vFibro	Fibroblast	imputed	0.4858
SMAD4	vCM-LV-AV	vCM	imputed	0.3483
SMAD6	vCM-IVS-His	vCM	imputed	0.9755
SMARCA4	Neuronal	Neural	imputed	0.3580
SMARCB1	ncCM-AVC-like	ncCM	imputed	0.2055
SMARCE1	Pericyte	Mural	imputed	0.2191
SMC1A	vCM-RV-Trabecular	vCM	imputed	0.3955
SMC3	vCM-RV-Proliferating	vCM	imputed	0.7677
SMG9	vCM-IVS-His	vCM	imputed	0.0898
SON	vEndocardial	Endothelial	imputed	1.1557
SOS1	aEndocardial	Endothelial	imputed	0.9953
STRA6	adFibro	Fibroblast	imputed	0.0902
TAB2	WBC	Immune	imputed	0.9700
TBX1	LEC	Endothelial	imputed	0.1163
TBX20	Compact vFibro	Fibroblast	imputed	2.4321
TBX5	ncCM-AVC-like	ncCM	direct	1.6947
TCAP	vCM-RV-Compact	vCM	imputed	0.4794
TFAP2B	Neuronal	Neural	imputed	0.1789
TGFBR1	WBC	Immune	imputed	0.7693
TGFBR2	LEC	Endothelial	imputed	1.1273
THOC6	vCM-IVS-His	vCM	imputed	0.0641
THSD4	vCM-LV-Hybrid	vCM	imputed	1.8893
TLL1	aEndocardial	Endothelial	imputed	0.4555
TMEM260	VEC	Endothelial	imputed	0.3855
TMPO	vCM-LV-Trabecular I	vCM	imputed	0.7356
TNNC1	vCM-RV-Compact	vCM	imputed	2.8956
TNNI3	vCM-RV-Compact	vCM	imputed	1.3940
TNNT2	vCM-RV-Compact	vCM	imputed	3.0461
TPM1	vCM-RV-Compact	vCM	imputed	3.5927
TRAF7	ncCM-AVC-like	ncCM	imputed	0.0884
TSC1	Neuronal	Neural	imputed	0.2209
TTN	ncCM-AVC-like	ncCM	direct	2.1726
TXNL4A	vCM-LV-Trabecular I	vCM	imputed	0.2300
U2SURP	Pericyte	Mural	imputed	0.6810
UBR1	vCM-LV-Trabecular II	vCM	imputed	0.7482
VCL	Pericyte	Mural	imputed	0.9449
VEZF1	vCM-LV-Compact II	vCM	imputed	0.3559
WASHC5	WBC	Immune	imputed	0.3314
ZEB2	WBC	Immune	imputed	2.6964
ZFPM2	adFibro	Fibroblast	imputed	3.1875
