gene	atac_centroid_x	atac_centroid_y	atac_centroid_z	atac_rg	atac_n_top	rna_centroid_x	rna_centroid_y	rna_centroid_z	rna_rg	rna_n_top	centroid_shift	delta_rg	in_panel	module
ABL1	17029.0552	18980.2830	-3805.8600	2454.1069	10000	16977.7989	19132.3879	-3363.9150	2524.4755	10000	470.1899	-70.3686	False	
ACTA2	16989.8952	19110.8782	-3394.9500	2499.0649	10000	16904.8676	19389.9602	-2264.8950	2406.0741	10000	1167.1078	92.9908	True	Aortic / smooth muscle
ACTB	17021.8624	19103.9080	-3635.7750	2486.0917	10000	16999.9794	19031.3428	-4050.0150	2305.2576	10000	421.1168	180.8341	False	
ACTC1	17161.3554	18427.4939	-4331.2500	2373.8662	10000	17069.8786	19164.8503	-4350.2250	2103.8651	10000	743.2512	270.0012	True	Sarcomere / CM structural
ACTN2	17130.8785	18574.0527	-4358.4600	2372.5221	10000	17082.1922	19228.9626	-4683.1500	1931.1804	10000	732.5988	441.3417	True	Sarcomere / CM structural
ACVR1	17008.5234	19084.9404	-3494.3100	2503.3240	10000	16909.4707	19311.9766	-3009.0450	2539.0557	10000	544.8293	-35.7317	False	
ACVR2B	17119.8757	18675.5831	-3967.8150	2474.4701	10000	17072.8421	19004.6380	-3714.8250	2464.0408	10000	417.7238	10.4293	False	
ADAMTS10	16954.1595	19189.2696	-3409.5300	2483.1087	10000	16882.7528	19300.3322	-2927.6250	2530.8666	10000	499.6661	-47.7579	False	
AHNAK	17038.1558	18927.7437	-3702.7800	2465.6242	10000	17027.5967	19025.7335	-4075.4700	2222.3241	10000	385.5014	243.3001	False	
AKAP12	16980.7295	19075.9494	-3675.5550	2521.1371	10000	16925.9454	19240.4305	-3184.8900	2608.9443	10000	520.3916	-87.8073	False	
ALPK3	17168.7732	18554.6037	-4410.3900	2328.3737	10000	17113.4546	19001.3931	-4366.0350	2286.7542	10000	452.3807	41.6195	False	
ANK3	17054.7346	18910.6417	-3855.2100	2352.9583	10000	17018.8468	18800.6010	-4669.1400	2448.2823	10000	822.1186	-95.3239	False	
ANKRD1	17075.4791	18929.8933	-3916.4850	2556.6309	10000	16919.3898	19671.1644	-3397.4850	2514.7897	10000	918.2634	41.8413	False	
ANKRD11	17033.9001	19010.5787	-3705.8250	2508.9216	10000	17014.2723	19109.6496	-3496.9650	2485.3676	10000	231.9974	23.5540	False	
ARID1A	17016.5546	18980.1415	-3738.9450	2508.9168	10000	17059.1928	19066.8764	-3637.9050	2427.5302	10000	139.8215	81.3866	False	
ARID1B	17059.5371	18960.5981	-3779.8950	2452.1526	10000	16917.5222	19260.2137	-3127.0800	2609.3622	10000	732.1920	-157.2096	False	
B3GAT3	17013.2339	19039.7885	-3501.4200	2509.9107	10000	17003.7993	19145.6099	-3446.3400	2477.3185	10000	119.6703	32.5922	False	
BAG3	17072.5662	18804.2102	-4095.2550	2455.3050	10000	17137.0080	18960.5262	-3958.6650	2228.0023	10000	217.3575	227.3027	False	
BAG5	17013.2598	19146.1056	-3542.4900	2437.3996	10000	17041.4463	19028.7536	-3972.8850	2337.9480	10000	446.9965	99.4517	False	
BCOR	17037.1553	19002.6212	-3630.5400	2467.2081	10000	17093.3214	19037.3550	-3594.5400	2420.7797	10000	75.2135	46.4285	False	
BMPR2	17001.9224	19016.1887	-3724.7400	2427.2657	10000	16934.8545	19127.0243	-3520.0500	2489.6515	10000	242.2408	-62.3858	False	
BRAF	17029.6179	18946.2304	-3836.2500	2398.3668	10000	16989.5007	19120.8425	-3546.3600	2534.8762	10000	340.7858	-136.5094	False	
CACNA1A	16993.4305	19058.0888	-3751.7400	2461.4186	10000	17034.3417	19038.8936	-3790.5150	2498.3087	10000	59.5457	-36.8901	False	
CAD	17129.1822	18868.2253	-4057.0800	2446.4883	10000	16973.0221	19142.6540	-3371.3550	2526.2241	10000	754.9277	-79.7358	False	
CAP2	17116.3010	18602.4149	-4406.3250	2386.5774	10000	16993.1190	19222.5879	-4426.6650	2249.0065	10000	632.6153	137.5710	False	
CAV3	17101.8391	18664.5641	-4197.4500	2347.8160	10000	17140.6379	18440.7018	-4370.0700	2212.5321	10000	285.3372	135.2839	False	
CDK13	17051.4447	19032.2148	-3486.0750	2508.7831	10000	16969.9771	19269.5267	-3159.5850	2557.8075	10000	411.7640	-49.0244	False	
CFC1	16948.3422	19355.7090	-2943.2250	2534.4409	10000					0			False	
CHD4	16977.4797	19107.6789	-3545.6850	2504.6100	10000	17092.8137	18916.6865	-4068.6900	2179.5319	10000	568.6073	325.0781	True	Chromatin (PCGC)
CHD7	17071.3879	18890.5545	-3835.0200	2478.3679	10000	17015.2610	19096.7390	-3662.8200	2504.1702	10000	274.4360	-25.8022	True	Chromatin (PCGC)
CHST14	17045.5621	18825.4138	-3952.5750	2425.7374	10000	17032.1718	19010.1988	-3738.2550	2403.1445	10000	283.2982	22.5929	False	
CITED2	17059.8269	18824.3404	-3880.0050	2420.8359	10000	17166.9771	18812.0100	-4274.5350	2185.0941	10000	409.0075	235.7418	False	
CLUH	17023.6605	18979.4372	-3678.1350	2461.4213	10000	17105.5806	18878.2254	-4136.0850	2275.0348	10000	476.1018	186.3866	False	
COQ9	17015.3134	19033.4374	-3570.2400	2495.6165	10000	17174.4038	18848.2239	-4185.1350	2237.9766	10000	661.5963	257.6399	False	
CORIN	17123.5493	18702.1669	-3758.3400	2547.7004	10000	16829.9456	18983.3725	-2938.8300	2745.2715	10000	914.8095	-197.5711	False	
CREBBP	17030.4466	19073.8486	-3731.0100	2480.8290	10000	16981.0571	19161.5271	-3328.7550	2532.7145	10000	414.6516	-51.8855	False	
CRELD1	17018.7805	18963.5521	-3713.2800	2446.6208	10000	17011.1124	18961.4923	-3667.6650	2467.4827	10000	46.3009	-20.8619	False	
CRYAB	17083.3778	18820.7602	-3894.0150	2500.2048	10000	17144.6961	19142.2237	-4796.5500	1926.1804	10000	960.0355	574.0244	False	
CSRP3	17020.7335	18921.2930	-3611.4000	2572.9373	10000	17139.7086	19061.6382	-4417.9350	2206.9278	10000	827.2548	366.0095	False	
CTNNB1	17099.0315	18625.4864	-4201.3200	2357.0679	10000	17068.7694	18837.8270	-4151.0850	2292.3013	10000	220.2904	64.7666	False	
DGUOK	17008.0932	19100.5620	-3554.9100	2483.2398	10000	17023.8685	19071.6622	-3532.0050	2435.3514	10000	40.1086	47.8883	False	
DLL4	16968.2707	19029.4775	-3830.6100	2459.8991	10000	16940.9932	19125.3571	-3751.1100	2490.4495	10000	127.5038	-30.5503	True	Notch / valve
DNAH11	17031.3725	18950.4808	-3551.6250	2536.9425	10000	17035.5241	18414.2624	-4396.8300	2451.6921	10000	1000.9590	85.2504	False	
DSCAML1	17032.4246	18971.1409	-3770.8500	2491.7505	10000	16949.6440	19127.2108	-3522.2250	2543.8235	10000	304.9997	-52.0730	False	
DSG2	17186.5817	18784.5676	-4144.4100	2406.0972	10000	17095.2448	18947.4300	-4069.5150	2250.9082	10000	201.1861	155.1890	False	
DSP	17154.0370	18543.4833	-4277.7900	2413.6046	10000	17120.7067	19018.3709	-4360.0950	2061.7907	10000	483.1183	351.8139	False	
DTNA	17024.8169	19007.6050	-3650.1900	2437.9396	10000	17019.4563	18709.1786	-4002.6600	2543.3253	10000	461.8682	-105.3857	False	
EFTUD2	17037.1532	18963.7250	-3842.8800	2405.8094	10000	17004.6722	19019.3037	-3716.9400	2456.2623	10000	141.4387	-50.4529	False	
EHMT1	17027.4289	19025.8444	-3681.9750	2474.7215	10000	16991.1948	19167.0376	-3410.4300	2507.8534	10000	308.1965	-33.1319	False	
ELN	16909.8202	19247.8185	-3133.7250	2463.8564	10000	16788.3495	19459.5834	-2508.1500	2401.8428	10000	671.5233	62.0136	True	Aortic / smooth muscle
ESCO2	17024.2487	19032.9061	-3661.5300	2471.9548	10000	17035.0031	18823.3437	-4237.7400	2262.6606	10000	613.2291	209.2942	False	
EVC	16970.0251	19076.8874	-3664.5300	2492.6154	10000	16919.4168	19172.5609	-3275.2800	2545.3674	10000	404.0176	-52.7519	False	
EVC2	16963.5473	19128.7138	-3656.5800	2488.5258	10000	16886.1301	19294.3802	-2999.5200	2516.1842	10000	682.0312	-27.6585	False	
EYA4	17014.4161	18993.8457	-3851.8950	2448.1497	10000	17029.5363	18961.4461	-3729.4950	2437.3754	10000	127.5151	10.7743	False	
FBN1	16971.9940	19154.5945	-3483.4950	2504.6313	10000	16911.1684	19292.3546	-3102.0450	2532.9200	10000	410.0996	-28.2887	True	Aortic / smooth muscle
FBN3	17014.1006	18999.2497	-3848.4000	2427.5561	10000	16991.6158	19094.3055	-3621.8400	2491.5401	10000	246.7197	-63.9840	False	
FGFR2	16979.7338	19070.0273	-2929.0200	2505.7829	10000	16887.0181	19243.0569	-2328.1500	2398.3975	10000	632.1236	107.3854	False	
FHOD3	17065.3901	18978.9893	-4097.1300	2343.3706	10000	17004.1450	18192.8660	-4460.5200	2383.9985	10000	868.2125	-40.6279	False	
FKTN	17018.7861	19007.7197	-3730.5000	2447.8857	10000	16985.7679	19063.8654	-3493.2600	2499.9032	10000	246.0190	-52.0175	False	
FLII	17048.1285	19071.3472	-3556.6650	2482.5049	10000	17088.4402	19113.2508	-3972.1800	2255.3716	10000	419.5637	227.1333	False	
FLNA	17006.6185	19069.1361	-3509.9100	2558.0056	10000	16965.1142	19074.5349	-3513.9150	2410.8264	10000	42.0451	147.1792	False	
FLNC	17052.7030	18883.8906	-3824.0550	2483.1814	10000	17154.0026	19023.6245	-4219.9200	2104.8887	10000	431.8522	378.2926	False	
FLT4	17021.6769	19059.0196	-3716.2650	2474.8245	10000	16973.1784	19145.5732	-3668.7300	2456.3870	10000	110.0146	18.4374	False	
FNIP1	17024.1636	18967.1707	-3707.4900	2503.9777	10000	17025.1249	19084.8215	-3616.7850	2474.8079	10000	148.5599	29.1698	False	
FOXC2	16973.4308	19124.3981	-3627.9150	2480.4014	10000	16916.4401	19157.8455	-3416.1300	2540.0080	10000	221.8548	-59.6066	False	
FOXP1	17028.8678	19113.6576	-3655.9500	2453.3519	10000	16935.8053	19144.3068	-3543.0000	2498.3359	10000	149.5250	-44.9841	False	
FRYL	16994.4205	19086.9339	-3606.6300	2505.9632	10000	16985.9563	19040.7423	-3692.9250	2495.2097	10000	98.2453	10.7535	False	
GANAB	17013.2490	19072.9927	-3634.8750	2475.9770	10000	16999.4520	19130.3569	-3578.2650	2448.3758	10000	81.7662	27.6012	False	
GATA4	17113.0656	18807.3592	-3813.8100	2475.5019	10000	17037.5584	19288.8450	-3295.2450	2426.9656	10000	711.6457	48.5362	True	Cardiac TF (CHD)
GATA5	17143.9536	18869.1616	-3595.2450	2474.6417	10000	17023.5270	19119.7132	-2946.6750	2419.6517	10000	705.6357	54.9901	False	
GATA6	17146.6805	18616.6573	-4148.8050	2437.0522	10000	16997.3130	19207.8340	-3180.7500	2408.5745	10000	1144.0852	28.4778	True	Cardiac TF (CHD)
GATAD1	17037.0560	18978.6761	-3699.9300	2470.6415	10000	16985.4516	19151.0780	-3402.6750	2477.1112	10000	347.4852	-6.4697	False	
GLI3	16970.5622	19079.1588	-3621.1200	2441.7213	10000	16917.7031	19218.5304	-3076.7850	2569.1041	10000	564.3750	-127.3828	False	
GPBAR1	16971.7155	19037.6451	-3687.4950	2428.1712	10000	16908.8508	19159.9488	-3723.7650	2455.6637	10000	142.2170	-27.4925	False	
GPC3	16992.7238	19031.5652	-3738.4350	2510.4172	10000	16983.2744	19124.9338	-3583.3500	2577.2644	10000	181.2687	-66.8473	False	
HAAO	16994.1996	19072.1206	-3619.1700	2503.2611	10000	16935.3407	19150.6282	-3347.8200	2525.8002	10000	288.5457	-22.5391	False	
HDAC8	17010.9123	18993.5058	-3702.0450	2361.0947	10000	16978.1328	19065.8665	-3481.9500	2531.1467	10000	233.9923	-170.0520	False	
HNRNPK	16984.0335	19058.3334	-3744.5250	2472.3234	10000	17130.1941	18999.1180	-4175.7300	2132.0299	10000	459.1374	340.2935	False	
HRAS	17043.7261	19008.1403	-3599.6400	2469.1394	10000	17102.5404	18906.0118	-3878.5650	2296.3688	10000	302.8011	172.7706	False	
INVS	16993.4495	19026.2161	-3637.8900	2474.5414	10000	16918.7659	19242.0112	-3161.1000	2534.1104	10000	528.6529	-59.5691	False	
ITSN2	17031.1559	18986.6291	-3674.4300	2530.3433	10000	17056.5141	18786.5877	-4316.8050	2483.1269	10000	673.2794	47.2164	False	
JPH2	17118.5339	18737.4218	-4222.7400	2375.8693	10000	17051.5479	18628.4944	-4044.6150	2431.1293	10000	219.2733	-55.2600	False	
KANSL1	17028.1291	19018.7670	-3774.8100	2480.5639	10000	16977.4225	19102.4178	-3519.0150	2480.1296	10000	273.8607	0.4343	False	
KAT6A	17010.4778	19018.4709	-3818.0700	2450.6272	10000	17030.8901	19049.3182	-3632.2800	2474.4602	10000	189.4364	-23.8330	False	
KAT6B	17022.7077	19054.0422	-3533.1900	2570.9377	10000	16949.9570	19210.4364	-3076.6500	2664.9525	10000	488.0375	-94.0148	False	
KDM2B	16997.8391	19072.5400	-3711.4650	2482.5668	10000	16998.4999	19099.0264	-3328.2300	2559.6921	10000	384.1498	-77.1253	False	
KDM5A	17137.6966	18640.7206	-4330.6050	2385.7661	10000	17022.6738	19136.6299	-3557.7600	2455.3199	10000	925.4435	-69.5538	False	
KDM5B	16985.4278	18957.4900	-3655.4400	2471.9125	10000	17036.4545	19113.7297	-3606.9900	2375.1464	10000	171.3534	96.7662	False	
KDM6A	17022.3195	19011.8516	-3661.7850	2482.3195	10000	17020.8017	19173.4063	-3053.3550	2543.3134	10000	629.5151	-60.9939	False	
KDR	16989.4629	19029.6240	-3931.9650	2430.9281	10000	16950.2987	19082.9161	-3825.0450	2447.4614	10000	125.7209	-16.5333	False	
KLHL24	17134.5007	18514.3325	-4263.6450	2413.4314	10000	17077.7549	18779.2321	-4252.3350	2506.1095	10000	271.1453	-92.6781	False	
KMT2A	17001.2894	19044.2055	-3606.1050	2493.0574	10000	17017.0059	19077.7691	-3572.8350	2487.9276	10000	49.8038	5.1298	False	
KMT2C	17009.5597	19037.3071	-3638.5800	2468.8502	10000	16929.0380	19219.6579	-3078.6750	2570.9408	10000	594.3309	-102.0907	False	
KMT2D	17005.0562	19023.4140	-3769.8000	2463.0717	10000	17031.7955	19063.1938	-3638.5950	2475.5314	10000	139.6860	-12.4597	True	Chromatin (PCGC)
KRAS	17005.1739	19088.2583	-3652.9200	2489.5783	10000	17047.9100	19147.9969	-3568.3500	2432.7411	10000	112.0141	56.8372	False	
KYNU	17024.6428	18958.5934	-3367.0950	2495.4370	10000	17016.9670	18920.9525	-3674.6550	2428.3417	10000	309.9499	67.0952	False	
LAMA4	17002.4629	19022.2720	-3886.0500	2473.1511	10000	16979.8255	18964.1090	-4074.4050	2454.2704	10000	198.4263	18.8807	False	
LDB3	17163.0895	18730.6604	-4123.4700	2429.5720	10000	17032.8021	18751.9469	-4411.2450	2571.2217	10000	316.6108	-141.6497	False	
LMNA	16958.5570	19156.2258	-3415.1100	2458.6365	10000	17080.0250	19033.9093	-3683.0250	2260.7109	10000	318.5817	197.9256	False	
LMOD2	17091.0317	18722.2872	-4080.7800	2444.5442	10000	17106.6793	19192.7185	-4014.3900	2276.5982	10000	475.3505	167.9460	False	
LOX	16983.4600	19072.3291	-3589.3050	2488.7365	10000	16922.5365	19237.4773	-3292.6500	2545.4281	10000	344.9490	-56.6916	False	
LRP1	17009.5740	19102.5338	-3527.9850	2484.2849	10000	16956.2626	19192.0112	-3389.7900	2526.5358	10000	173.0496	-42.2508	False	
LTBP2	16947.1005	19226.0023	-3276.4200	2465.6286	10000	16821.7420	19439.5087	-2506.2750	2354.4572	10000	808.9642	111.1715	False	
LZTR1	17003.2719	19057.0181	-3645.0450	2484.2143	10000	16952.1916	19133.2166	-3353.8950	2555.3966	10000	305.2601	-71.1823	False	
MAP2K1	17018.5466	19041.6236	-3709.8750	2500.6520	10000	17003.6497	19176.7526	-3247.5750	2536.6582	10000	481.8745	-36.0062	False	
MAP2K2	17006.9698	19080.8854	-3592.8000	2508.1801	10000	17046.7240	19037.5609	-3381.2400	2442.0313	10000	219.5792	66.1489	False	
MAP3K7	16989.6553	19121.9372	-3610.0500	2444.7709	10000	17037.1608	19105.8822	-3575.4300	2399.7523	10000	60.9351	45.0186	False	
MED12	17002.1199	19064.1966	-3564.6600	2486.0166	10000	17025.6144	19027.2709	-3671.0850	2448.0933	10000	115.0729	37.9233	False	
MED13L	16937.8000	19167.7432	-3381.2700	2513.3885	10000	16901.7098	19298.3653	-2705.8950	2512.7305	10000	688.8367	0.6580	False	
MEIS2	17021.0551	18987.3630	-3932.4450	2424.7470	10000	16978.8169	19093.8407	-3974.9550	2412.8022	10000	122.1829	11.9449	True	Cardiac TF (CHD)
MESP1	17020.9986	19024.4174	-3478.8150	2502.2766	10000	17113.6973	18984.3401	-3667.8300	2329.8581	10000	214.3033	172.4184	False	
MINK1	16989.8092	19093.4514	-3528.3000	2484.3248	10000	16981.0486	19124.2919	-3404.5200	2523.8135	10000	127.8647	-39.4887	False	
MRPL44	17002.6435	19052.0505	-3622.3050	2473.3998	10000	17123.1082	18929.5742	-4179.2100	2200.3201	10000	582.7996	273.0797	False	
MTO1	16965.7431	19066.1635	-3621.9150	2495.1430	10000	17009.6007	19072.0391	-3478.0650	2511.0031	10000	150.5019	-15.8601	False	
MYBPC3	17168.8324	18448.7387	-4332.9600	2393.9854	10000	17092.0389	18384.3441	-3907.5750	2512.4483	10000	437.0312	-118.4629	True	Sarcomere / CM structural
MYL2	17154.7384	18386.9430	-4865.0400	2057.6242	10000	17093.4303	19147.5277	-4796.6550	1875.4390	10000	766.1099	182.1852	True	Sarcomere / CM structural
MYL3	17192.5980	18413.1320	-4504.5750	2238.8651	10000	17142.4625	19047.3650	-4770.0300	1878.3988	10000	689.3703	360.4663	True	Sarcomere / CM structural
MYLK	17016.3917	19020.3703	-3660.6750	2463.2148	10000	16938.6450	19544.0541	-3006.3000	2586.3629	10000	841.7220	-123.1481	False	
MYLK2	16946.5795	19111.7917	-3375.5100	2517.4305	10000	17211.4977	18386.6835	-4821.7350	2012.5809	10000	1639.3689	504.8496	False	
MYOZ2	17074.1749	18973.0542	-3860.5950	2486.9548	10000	17098.9779	19014.9366	-4489.8600	2190.8638	10000	631.1448	296.0910	False	
MYPN	17131.0635	18838.7874	-4105.1850	2432.2179	10000	16902.9085	19187.8220	-3201.9150	2745.1531	10000	994.8752	-312.9352	False	
MYRF	17124.6917	18790.0971	-3809.6700	2494.8455	10000	16995.9756	19017.4301	-3402.0450	2520.5337	10000	484.1552	-25.6882	False	
NAA15	17051.0331	18946.6775	-3685.6800	2482.8018	10000	17010.4395	19096.2437	-3602.7300	2445.9887	10000	175.7799	36.8130	False	
NALCN	16992.0978	19205.7956	-3464.5800	2508.3376	10000	16839.8170	19336.0222	-2614.8150	2537.3386	10000	873.0687	-29.0011	False	
NEXN	17060.2358	18883.5500	-3847.5750	2500.7691	10000	17046.3047	19241.8165	-4813.6950	1913.9494	10000	1030.5032	586.8198	False	
NF1	17070.7338	18969.3524	-3715.1700	2466.7443	10000	16926.7645	19208.4773	-3208.4850	2589.2414	10000	578.4787	-122.4971	False	
NGFR	16973.0395	19125.1040	-3447.1350	2521.5360	10000	16923.6690	19223.2212	-3101.1000	2553.9093	10000	363.0491	-32.3733	False	
NIPBL	17116.6161	18769.5665	-4015.3200	2396.5517	10000	17089.5475	19027.5019	-3699.1500	2422.7694	10000	408.9338	-26.2177	False	
NKX2-6	17177.0492	18783.8402	-3925.3650	2401.0154	10000					0			False	
NODAL	17017.7442	18957.2645	-3912.0600	2409.7937	10000	17006.4999	18986.9846	-3586.4400	2566.5251	10000	327.1668	-156.7314	False	
NONO	16992.3755	19110.8868	-3477.3300	2513.5105	10000	17094.7932	19010.6453	-4214.7450	2155.2292	10000	751.2114	358.2813	False	
NOTCH2	17095.0110	18769.9258	-4100.6400	2483.3163	10000	17019.9826	18969.6392	-3854.3250	2437.4546	10000	325.8616	45.8617	False	
NPHP3	16988.9194	19037.4304	-3623.6100	2512.6994	10000	16958.6144	19131.9695	-3386.0400	2515.0584	10000	257.4792	-2.3590	False	
NPHP4	17019.8806	19115.0630	-3514.3050	2517.5629	10000	17005.0767	19030.5360	-3632.7450	2476.7391	10000	146.2600	40.8238	False	
NR6A1	17084.3558	18875.6255	-3778.4100	2468.7843	10000	17024.0568	18809.7810	-3960.1800	2488.3215	10000	202.5137	-19.5371	False	
NRAS	17004.3456	18997.4283	-3757.9950	2482.1184	10000	17063.6674	19007.2831	-4071.4650	2262.4543	10000	319.1859	219.6640	False	
NSD1	17009.5106	18987.6988	-3719.9550	2471.0752	10000	16930.5170	19121.5438	-3270.1650	2551.4626	10000	475.8839	-80.3874	False	
NSD2	17032.1771	19017.5143	-3761.5800	2438.9861	10000	17074.6776	18933.6556	-3901.4850	2405.8840	10000	168.5585	33.1020	False	
NUP188	17015.8028	19040.4685	-3652.9800	2492.2902	10000	16999.2194	19072.5402	-3532.2750	2476.2447	10000	125.9893	16.0456	False	
PBX1	17013.7487	18927.8629	-3654.6150	2552.2672	10000	16935.2036	18944.4727	-3766.8900	2510.2130	10000	138.0250	42.0543	False	
PIGL	17043.2771	19063.3734	-3413.5650	2466.4507	10000	16931.1325	19233.2203	-3023.8950	2547.8509	10000	439.6215	-81.4002	False	
PIGV	17002.4787	19036.8069	-3787.1550	2469.1014	10000	17023.1313	18981.7764	-3729.8850	2463.8233	10000	82.0655	5.2781	False	
PKD1L1	17023.8503	18987.6176	-3801.4350	2433.7351	10000	17062.0237	18766.3647	-4154.2200	2380.7066	10000	418.1714	53.0285	False	
POGZ	17012.2515	19152.7020	-3511.0200	2511.1333	10000	16951.6578	19202.2417	-3363.1200	2522.4228	10000	167.3326	-11.2895	False	
PPCS	17096.4719	18864.3951	-3809.8350	2525.7645	10000	17018.1154	19013.5673	-3506.9550	2460.2103	10000	346.5954	65.5543	False	
PPL	17105.1852	18751.0792	-4221.7650	2363.7537	10000	17033.3420	19012.9482	-3621.5550	2474.7497	10000	658.7783	-110.9961	False	
PRKACB	17034.6256	19057.4270	-3538.9950	2473.1313	10000	16924.8232	19249.3100	-3048.1200	2531.4047	10000	538.3623	-58.2733	False	
PRKAG2	17017.6679	18910.9690	-3392.1750	2628.1128	10000	16854.5723	19613.2815	-2006.4600	2385.9812	10000	1562.0656	242.1316	False	
PRKD1	17022.6184	19049.3686	-3848.5500	2402.1787	10000	16853.2354	19346.9148	-2763.3450	2506.8330	10000	1137.9342	-104.6543	False	
PRKG1	16971.4889	19035.8852	-3817.4550	2506.9841	10000	16886.5502	19043.2857	-3536.2200	2636.0891	10000	293.8749	-129.1050	False	
PRRC2B	17111.8654	18728.9994	-4029.3600	2521.8182	10000	17024.2602	19198.7437	-3474.1650	2481.6520	10000	732.5134	40.1662	False	
PSEN1	16992.4178	19112.3938	-3482.4150	2471.6808	10000	16985.9524	19097.8177	-3437.2050	2501.0250	10000	47.9396	-29.3441	False	
PSEN2	17023.4069	19060.7909	-3767.2350	2479.7040	10000	17053.9252	18961.8984	-3692.5200	2449.0414	10000	127.6457	30.6626	False	
PTEN	17011.4120	18972.1492	-3630.3450	2481.4362	10000	16976.1335	19049.4502	-3634.7850	2539.0982	10000	85.0866	-57.6620	False	
PTPN11	17022.9271	19016.4125	-3610.2750	2503.4295	10000	17057.1068	19110.0726	-3969.4050	2296.7154	10000	372.7128	206.7141	False	
PYGL	17168.1428	18659.8138	-4279.4250	2390.0978	10000	17123.5422	18744.9757	-4514.9550	2317.1597	10000	254.3937	72.9380	False	
RAB23	16985.6101	19115.2600	-3421.0350	2510.9766	10000	17000.0259	19216.3174	-3237.9750	2513.1683	10000	209.5981	-2.1917	False	
RAD21	17033.5467	19050.0096	-3747.4500	2471.6217	10000	17129.0140	18904.8679	-4152.1650	2097.9547	10000	440.4252	373.6670	False	
RAF1	17110.5110	18715.8421	-3986.3100	2436.1031	10000	16964.4440	19131.5553	-3253.2750	2532.8866	10000	855.2739	-96.7835	False	
RBFOX2	17034.3385	19020.1468	-3722.3550	2474.7903	10000	17006.2031	19112.5230	-3490.5750	2480.3261	10000	251.0915	-5.5358	False	
RBM20	17130.2474	18563.6471	-4598.3100	2214.9567	10000	17016.8064	18591.1456	-4705.9200	2498.4623	10000	158.7607	-283.5056	False	
RERE	17020.9045	19086.8349	-3588.8700	2509.1085	10000	16919.0937	19322.7176	-3255.0150	2608.1423	10000	421.2662	-99.0339	False	
RIT1	17036.1005	19014.5915	-3674.4600	2466.7860	10000	17099.3647	19031.1678	-3994.1700	2338.8745	10000	326.3305	127.9115	False	
RNF220	17116.4173	18723.3172	-4335.3000	2306.6614	10000	17059.8996	18746.3082	-4481.6100	2148.6399	10000	158.5227	158.0215	False	
RPL3L	17054.5052	18897.8025	-4154.6400	2342.7061	10000	17166.7768	18659.0582	-4709.4000	1915.1087	10000	614.2983	427.5973	False	
RPL5	16988.6151	19045.3527	-3652.5150	2479.9914	10000	17135.6769	19043.9548	-4751.2650	1976.3823	10000	1108.5489	503.6091	False	
RRAGD	17103.3159	18706.7039	-4304.4300	2323.5396	10000	17058.6237	18915.7045	-4375.9350	2078.1428	10000	225.3699	245.3968	False	
RYR3	16903.9297	19275.5173	-2357.0700	2462.5856	10000	16820.7831	19581.2835	-1992.3600	2376.7264	10000	483.1353	85.8593	False	
SALL1	16948.2206	19187.4224	-3440.5050	2370.3392	10000	16929.0020	19103.3453	-3634.2150	2408.3502	10000	212.0421	-38.0110	False	
SALL4	16953.3362	19162.3586	-3512.1150	2434.8359	10000	17007.0734	19158.7063	-3645.4500	2439.1559	10000	143.8028	-4.3200	False	
SAMD11	16962.1751	19224.0367	-3189.9900	2463.5933	10000	16958.1449	19317.8374	-2961.2550	2428.8284	10000	247.2540	34.7649	False	
SDHA	17102.7069	18721.2181	-3975.4500	2452.7795	10000	17102.5192	19064.5613	-4436.6550	1975.9731	10000	574.9737	476.8064	False	
SETD5	16978.2172	19074.6373	-3617.1750	2485.5036	10000	16948.8367	19188.4776	-3277.4550	2547.4988	10000	359.4892	-61.9952	False	
SF3B4	16981.4991	19030.5283	-3690.6300	2461.5242	10000	17069.0503	18986.6400	-4063.0050	2211.7767	10000	385.0383	249.7475	False	
SGCD	16990.8844	19119.1717	-3497.6850	2494.6120	10000	16915.7154	19362.7245	-2801.6100	2482.5912	10000	741.2751	12.0208	False	
SHOC2	17035.5072	19057.4877	-3533.4900	2504.0522	10000	17063.8015	18999.0944	-3723.1500	2394.6621	10000	200.4526	109.3901	False	
SMAD2	17014.5178	19047.8398	-3488.0850	2497.6072	10000	16911.6410	19160.4358	-3049.9200	2579.3488	10000	463.9505	-81.7416	False	
SMAD3	17050.6313	19035.8475	-3628.1400	2471.1065	10000	16988.7177	19144.5807	-3572.2050	2487.8983	10000	137.0581	-16.7918	False	
SMAD4	17021.4359	18928.5973	-3568.9200	2511.3977	10000	17019.1554	19132.8275	-3606.9150	2444.0271	10000	207.7470	67.3705	False	
SMAD6	17034.5657	19146.7129	-3412.6050	2462.5104	10000	16967.1459	19293.2614	-3080.9850	2357.2707	10000	368.7732	105.2396	False	
SMARCA4	17005.9109	19043.9670	-3766.0950	2434.3184	10000	17031.8465	19113.9596	-3459.3000	2483.5371	10000	315.7448	-49.2188	False	
SMARCB1	17102.9374	18779.0702	-3987.6300	2442.6538	10000	17037.6065	19100.8819	-3433.5300	2438.7718	10000	644.0945	3.8820	False	
SMARCE1	16997.1162	19098.1544	-3631.9200	2468.8823	10000	17006.7757	19074.2954	-3703.9050	2412.6198	10000	76.4486	56.2625	False	
SMC1A	16981.4344	19003.8035	-3581.0250	2496.0393	10000	17086.5191	18970.2708	-4012.9950	2292.4010	10000	445.8310	203.6384	False	
SMC3	17108.3683	18643.3926	-4324.4400	2379.2907	10000	17121.2103	18940.5004	-4123.7850	2137.5902	10000	358.7484	241.7005	False	
SMG9	17002.3357	19039.0119	-3735.7950	2457.6893	10000	17025.5921	19038.4984	-3519.4950	2505.6639	10000	217.5473	-47.9746	False	
SON	17011.9653	19076.5891	-3645.4350	2482.6275	10000	17043.0738	19019.3583	-3842.0700	2351.8887	10000	207.1435	130.7388	False	
SOS1	17096.7643	18861.5868	-3798.6900	2495.0723	10000	16988.2811	19137.0386	-3407.7300	2496.4751	10000	490.3999	-1.4029	False	
STRA6	16946.2387	19181.6831	-3340.8300	2497.4166	10000	16858.8288	19418.6816	-2534.0850	2440.5045	10000	845.3675	56.9121	False	
TAB2	17087.7487	18984.5222	-3888.7950	2431.2493	10000	16961.5569	19264.1423	-3363.2400	2546.7154	10000	608.5391	-115.4661	False	
TBX1	17026.7711	19035.2065	-3606.8100	2463.3822	10000	16959.2993	19126.3445	-3382.9500	2470.5650	10000	250.9420	-7.1827	True	Cardiac TF (CHD)
TBX20	17117.9704	18733.0159	-4018.4700	2468.7030	10000	16937.2504	19076.6611	-3368.9550	2528.9868	10000	756.7176	-60.2839	True	Cardiac TF (CHD)
TCAP	17126.4981	18629.0366	-3854.0400	2480.4826	10000	17170.9234	18850.5030	-4178.1600	2256.9362	10000	395.0630	223.5464	False	
TFAP2B	17014.5761	19145.8659	-3671.1000	2425.5849	10000	17063.1848	18952.9019	-3401.4150	2430.7698	10000	335.1536	-5.1849	False	
TGFBR1	17002.0886	19036.0130	-3622.0350	2443.0840	10000	16990.1889	19040.6178	-3531.0150	2410.9366	10000	91.9100	32.1474	False	
TGFBR2	16976.4069	19033.7904	-3738.2250	2451.7725	10000	16969.4339	19110.6344	-3595.8300	2507.2200	10000	161.9567	-55.4474	False	
THOC6	17067.9056	18838.8569	-3797.5500	2431.6596	10000	17106.1693	18930.4167	-3997.1700	2303.1325	10000	222.9248	128.5271	False	
THSD4	17171.1965	18604.6801	-4706.0400	2105.1784	10000	17088.8944	18064.1546	-4710.9900	2217.8747	10000	546.7778	-112.6963	False	
TLL1	17014.5438	18883.4835	-3780.9300	2483.1631	10000	17001.5902	18811.4761	-3855.9300	2513.2026	10000	104.7753	-30.0396	False	
TMEM260	17024.9418	19033.0832	-3656.5950	2485.4993	10000	16932.1241	19137.8876	-3334.2150	2538.6886	10000	351.4654	-53.1893	False	
TMPO	17003.3942	19073.8599	-3690.0900	2485.6281	10000	17074.2238	18914.5802	-4121.2950	2215.8568	10000	465.1071	269.7712	False	
TNNC1	17084.1777	18639.3099	-4518.3450	2277.7808	10000	17140.6522	19096.6354	-4687.9200	1900.7658	10000	491.0109	377.0150	True	Sarcomere / CM structural
TNNI3	17168.9211	18553.0215	-4304.7300	2274.3265	10000	17203.5947	18855.4802	-3979.2900	2140.2527	10000	445.6397	134.0737	True	Sarcomere / CM structural
TNNT2	17124.7740	18561.5693	-4139.9250	2505.3971	10000	17166.1049	18978.7323	-4103.6400	2254.9605	10000	420.7729	250.4366	True	Sarcomere / CM structural
TPM1	17161.6293	18434.6908	-4383.6300	2296.8958	10000	17174.1623	19010.1380	-4318.7400	1960.4271	10000	579.2299	336.4687	True	Sarcomere / CM structural
TRAF7	16963.6363	19116.8953	-3476.1750	2489.0063	10000	17080.8382	19018.2667	-3858.8700	2312.8332	10000	412.2128	176.1730	False	
TSC1	17035.4293	18915.2347	-3813.1800	2469.0777	10000	17025.3546	19098.3920	-3520.1400	2491.7625	10000	345.7174	-22.6848	False	
TXNL4A	17037.5514	18988.8918	-3627.6000	2468.0183	10000	17080.1325	19041.8005	-3587.8950	2380.0757	10000	78.6700	87.9426	False	
U2SURP	17008.8082	19073.2646	-3669.9750	2483.1623	10000	17017.4727	19082.4219	-3533.9100	2491.9586	10000	136.6478	-8.7964	False	
UBR1	17046.4892	18932.0509	-3828.6750	2409.3817	10000	17021.6755	18819.3638	-3977.1150	2372.2645	10000	188.0120	37.1172	False	
VCL	17000.9087	19043.8436	-3653.8800	2468.8786	10000	16970.8861	19270.7571	-3644.8395	2478.8833	9999	229.0695	-10.0047	True	Sarcomere / CM structural
VEZF1	17044.2139	18976.7124	-3742.7550	2426.3713	10000	17097.1923	18887.6169	-3960.5850	2308.7678	10000	241.2356	117.6035	False	
WASHC5	17050.0487	19071.6376	-3664.4100	2479.8736	10000	17000.6227	19097.2434	-3543.0600	2471.1003	10000	133.5081	8.7733	False	
ZEB2	17048.0626	19068.6118	-3675.8700	2438.3435	10000	16953.2356	19213.0162	-3055.9500	2516.4171	10000	643.5414	-78.0735	False	
ZFPM2	17028.0660	19008.2414	-3722.7450	2490.7641	10000	16890.6219	19307.4384	-2863.4700	2622.0544	10000	920.1974	-131.2903	False	
