gene	tau	max_celltype	max_mean_log1p	n_traits	traits
KRT13	0.9962060004390286	adFibro	0.00010582433	1	PCGC_DeNovoVariants
FLT4	0.9779014109234079	LEC	0.25114667	2	Malformation_of_the_outflow_tract;PCGC_DeNovoVariants
KYNU	0.9725183457217303	WBC	0.50841105	4	Atrial_septal_defect;Malformation_of_the_outflow_tract;Single_ventricle_disease;Valve_defects
TBX1	0.9696413477898891	LEC	0.10033283	2	Malformation_of_the_outflow_tract;Ventricular_septal_defect
CYP21A2	0.9661044455419643	LEC	0.0107420925	1	PCGC_DeNovoVariants
TFAP2B	0.9254860868870538	Neuronal	0.13607813	1	Malformation_of_the_outflow_tract
GPBAR1	0.9219036751819047	aEndocardial	0.018829184	1	PCGC_DeNovoVariants
DLL4	0.9137724018523911	BEC	0.10391316	3	Malformation_of_the_outflow_tract;Valve_defects;Ventricular_septal_defect
SALL1	0.9045078352078136	vEndocardial	0.1937405	4	Atrial_septal_defect;Malformation_of_the_outflow_tract;Valve_defects;Ventricular_septal_defect
RYR3	0.8972837673339774	aCM-LA	0.64784455	1	PCGC_DeNovoVariants
SALL4	0.8944250637528786	VEC	0.06194504	1	Malformation_of_the_outflow_tract
MYLK2	0.8880608619065716	vCM-LV/RV-Purkinje	4.112834e-05	1	HypertrophicCardiomyopathy
NGFR	0.8860909879974949	Neuronal	0.11400265	1	PCGC_DeNovoVariants
NALCN	0.8750957396539416	LEC	0.17395285	1	PCGC_DeNovoVariants
KDR	0.8443434132013303	BEC	0.6544052	1	Malformation_of_the_outflow_tract
STRA6	0.8240606710760685	adFibro	0.08331141	3	Atrial_septal_defect;Malformation_of_the_outflow_tract;Single_ventricle_disease
PYGL	0.809250127668142	WBC	0.39375147	1	PCGC_DeNovoVariants
FBN3	0.799863398484101	Neuronal	0.10227112	1	PCGC_DeNovoVariants
PKD1L1	0.7718323019085901	BEC	0.0805032	4	Malformation_of_the_outflow_tract;Single_ventricle_disease;Valve_defects;Ventricular_septal_defect
MESP1	0.7711090805563906	ncCM-AVC-like	0.009531725	2	Malformation_of_the_outflow_tract;Ventricular_septal_defect
SCN10A	0.7680268822316413	VIC	0.00070759055	1	PCGC_DeNovoVariants
RPL3L	0.7627636629126016	vCM-LV-Hybrid	0.050029486	1	DilatedCardiomyopathy
FOXC2	0.7540117335554128	VEC	0.048054516	1	Malformation_of_the_outflow_tract
PSEN2	0.7495439535510426	LEC	0.05157331	1	DilatedCardiomyopathy
SAMD11	0.7477616589786975	Neuronal	0.113622956	1	PCGC_DeNovoVariants
LTBP2	0.7334091097519574	VIC	0.2274183	2	Malformation_of_the_outflow_tract;Valve_defects
PRKAG2	0.7304712727359877	aCM-LA	0.9481922	1	HypertrophicCardiomyopathy
LOX	0.7244927930313798	adFibro	0.40943882	1	Familial_thoracic_aortic_aneurysm_and_aortic_dissection
MYO7B	0.7217548260399597	VEC	0.011002017	1	PCGC_DeNovoVariants
ELN	0.7152997991444384	VSMC	0.92501926	3	Atrial_septal_defect;PCGC_DeNovoVariants;Valve_defects
MYPN	0.7096175350315143	aCM-LA	0.28508374	1	DilatedCardiomyopathy
GPC3	0.7076478221977284	Compact vFibro	0.89861965	2	Atrial_septal_defect;Valve_defects
EYA4	0.7024174569839071	Neuronal	0.32760397	1	DilatedCardiomyopathy
CACNA1A	0.6944510612970667	Compact vFibro	0.10637152	1	PCGC_DeNovoVariants
TLL1	0.6935975803606744	aEndocardial	0.3479855	1	Atrial_septal_defect
FGFR2	0.685303781473983	aCM-LA	0.40675667	4	Atrial_septal_defect;Malformation_of_the_outflow_tract;Single_ventricle_disease;Valve_defects
GATA5	0.683689664800875	vCM-IVS-His	0.043865293	3	Atrial_septal_defect;Malformation_of_the_outflow_tract;Valve_defects
TCAP	0.6834778185358542	vCM-RV-Compact	0.38241583	2	DilatedCardiomyopathy;HypertrophicCardiomyopathy
CORIN	0.6704086540109718	aCM-LA	0.9607356	1	HypertrophicCardiomyopathy
MYLK	0.6676814049503953	Pericyte	0.2899395	1	Familial_thoracic_aortic_aneurysm_and_aortic_dissection
ANKRD1	0.6410426301948727	vCM-RV-Compact	0.82320935	1	DilatedCardiomyopathy
MYBPC3	0.6407588109327632	vCM-LV-Hybrid	0.85909605	3	Atrial_septal_defect;DilatedCardiomyopathy;HypertrophicCardiomyopathy
MYRF	0.6383763495769714	Epicardial	0.09530019	1	PCGC_DeNovoVariants
JPH2	0.6315480904065495	vCM-LV-Hybrid	0.48866612	2	DilatedCardiomyopathy;HypertrophicCardiomyopathy
LMOD2	0.6301981486013661	vCM-RV-Compact	0.59096134	1	DilatedCardiomyopathy
HAAO	0.6283252488340308	EPDC	0.12420355	3	Atrial_septal_defect;Single_ventricle_disease;Valve_defects
MYOZ2	0.6268507999724491	vCM-LV-Hybrid	0.8035449	1	HypertrophicCardiomyopathy
RRAGD	0.6208141658279557	vCM-RV-Compact	0.32054433	1	DilatedCardiomyopathy
LDB3	0.6205908876742308	vCM-LV-Hybrid	1.1098878	1	DilatedCardiomyopathy
AKAP12	0.6189588234584703	adFibro	0.84064347	1	PCGC_DeNovoVariants
RBM20	0.6140857140857116	vCM-LV-Hybrid	1.3123006	1	DilatedCardiomyopathy
DNAH11	0.614065250670889	vCM-LV-Hybrid	0.35504285	5	Atrial_septal_defect;Atrioventricular_septal_defect;Malformation_of_the_outflow_tract;Single_ventricle_disease;Valve_defects
NODAL	0.6130655309301551	aEndocardial	0.009528619	5	Atrial_septal_defect;Atrioventricular_septal_defect;Malformation_of_the_outflow_tract;Single_ventricle_disease;Valve_defects
THOC6	0.6093623557162839	vCM-IVS-His	0.055188846	1	Atrial_septal_defect
ACTN2	0.6059582906007763	vCM-RV-Compact	1.1482065	2	DilatedCardiomyopathy;HypertrophicCardiomyopathy
DSP	0.6050278284961502	vCM-RV-Hybrid	0.8559099	1	DilatedCardiomyopathy
FLNC	0.6011970919865745	vCM-RV-Compact	0.3534208	1	HypertrophicCardiomyopathy
DNAH5	0.598363875954356	vCM-RV-AV	0.014312684	3	Atrial_septal_defect;Atrioventricular_septal_defect;Ventricular_septal_defect
MYL3	0.5961917634944508	vCM-RV-Compact	1.2418716	1	HypertrophicCardiomyopathy
CSRP3	0.5956396025477042	vCM-RV-Compact	1.1883096	2	DilatedCardiomyopathy;HypertrophicCardiomyopathy
RNF220	0.5930028400213242	vCM-RV-Proliferating	0.2507895	1	DilatedCardiomyopathy
LRP1	0.5910925901943288	EPDC	0.41842577	1	PCGC_DeNovoVariants
CRYAB	0.5852864060445666	vCM-RV-Compact	1.252582	1	DilatedCardiomyopathy
ADAMTS10	0.5820763405298499	adFibro	0.12792332	2	Valve_defects;Ventricular_septal_defect
B3GAT3	0.5784274535028614	VEC	0.085415736	2	Atrial_septal_defect;Valve_defects
DSCAML1	0.5763829084239295	aEndocardial	0.18876055	1	PCGC_DeNovoVariants
SDHA	0.5741043712869629	vCM-RV-Compact	0.6160822	1	DilatedCardiomyopathy
TNNI3	0.5688638945615412	vCM-RV-Compact	0.85112333	2	DilatedCardiomyopathy;HypertrophicCardiomyopathy
CLUH	0.5658448804994002	vCM-RV-Hybrid	0.08081489	1	PCGC_DeNovoVariants
ACTA2	0.5609930081028472	aCM-LA	0.64784735	1	Familial_thoracic_aortic_aneurysm_and_aortic_dissection
FBN1	0.5598836075802113	adFibro	1.1413571	3	Familial_thoracic_aortic_aneurysm_and_aortic_dissection;PCGC_DeNovoVariants;Valve_defects
ALPK3	0.5594839937022561	vCM-RV-Compact	0.5059345	1	HypertrophicCardiomyopathy
CAV3	0.5574001102077966	vCM-LV-Hybrid	0.16816151	1	HypertrophicCardiomyopathy
NEXN	0.5563825679323692	vCM-RV-Compact	1.074171	2	DilatedCardiomyopathy;HypertrophicCardiomyopathy
CAP2	0.5553028217192436	vCM-RV-Compact	0.8128971	1	DilatedCardiomyopathy
BAG3	0.5533510190906766	vCM-RV-Proliferating	0.25634846	1	DilatedCardiomyopathy
FHOD3	0.5522438121376594	vCM-LV-Hybrid	1.3034389	1	HypertrophicCardiomyopathy
CITED2	0.5521466325483572	vCM-RV-Compact	0.25206122	2	Atrial_septal_defect;Ventricular_septal_defect
HRAS	0.551881984255594	LEC	0.0338012	2	Atrial_septal_defect;Valve_defects
CRELD1	0.542255988614361	aEndocardial	0.10982516	1	Atrioventricular_septal_defect
PPL	0.5366559254544188	LEC	0.057510994	1	PCGC_DeNovoVariants
RAB23	0.5277941688994126	adFibro	0.2156368	2	Atrial_septal_defect;Malformation_of_the_outflow_tract
COQ9	0.5234837549407931	vCM-RV-Compact	0.23089665	1	HypertrophicCardiomyopathy
TNNT2	0.5193120714721106	vCM-RV-Compact	1.3838717	2	DilatedCardiomyopathy;HypertrophicCardiomyopathy
TNNC1	0.5192503150579082	vCM-RV-Compact	1.3426037	2	DilatedCardiomyopathy;HypertrophicCardiomyopathy
DSG2	0.5148352112092497	vCM-RV-Proliferating	0.2626844	1	DilatedCardiomyopathy
MRPL44	0.511477676540637	vCM-RV-Compact	0.14153393	1	HypertrophicCardiomyopathy
EVC2	0.5097369795376064	VIC	0.19011976	5	Atrial_septal_defect;Atrioventricular_septal_defect;Malformation_of_the_outflow_tract;Valve_defects;Ventricular_septal_defect
KDM2B	0.5097033525033196	WBC	0.28264952	2	Atrial_septal_defect;Ventricular_septal_defect
MYL2	0.5091831437471532	vCM-RV-Compact	1.4748614	1	HypertrophicCardiomyopathy
CHST14	0.5089001279016196	Compact vFibro	0.06373399	2	Atrial_septal_defect;Malformation_of_the_outflow_tract
TGFBR2	0.5052307398306298	LEC	0.71031296	3	Atrial_septal_defect;Familial_thoracic_aortic_aneurysm_and_aortic_dissection;Valve_defects
WASHC5	0.5036542747889975	WBC	0.27991143	2	Atrial_septal_defect;PCGC_DeNovoVariants
THSD4	0.503394845110007	vCM-LV-Hybrid	1.048695	1	Familial_thoracic_aortic_aneurysm_and_aortic_dissection
DTNA	0.49608517705067473	vCM-LV-Hybrid	0.7580939	1	PCGC_DeNovoVariants
GLI3	0.4911076332929414	adFibro	0.7465088	5	Atrial_septal_defect;Atrioventricular_septal_defect;Malformation_of_the_outflow_tract;Valve_defects;Ventricular_septal_defect
ACVR1	0.4809897490699849	VEC	0.530078	3	Atrial_septal_defect;Atrioventricular_septal_defect;Malformation_of_the_outflow_tract
LZTR1	0.4710803167209382	VSMC	0.054418527	3	Atrial_septal_defect;PCGC_DeNovoVariants;Valve_defects
MAP2K2	0.4708538743384617	aCM-LA	0.098697886	2	Atrial_septal_defect;Valve_defects
SMAD6	0.46775435592795445	VEC	0.6494894	2	Malformation_of_the_outflow_tract;Valve_defects
EVC	0.4676942271825375	VIC	0.1870892	5	Atrial_septal_defect;Atrioventricular_septal_defect;Malformation_of_the_outflow_tract;Valve_defects;Ventricular_septal_defect
PPCS	0.46438720824579455	aCM-LA	0.12432539	1	DilatedCardiomyopathy
KLHL24	0.4643326342650331	vCM-LV-Hybrid	0.63030785	1	HypertrophicCardiomyopathy
ITSN2	0.46194457766133723	WBC	0.72313464	1	PCGC_DeNovoVariants
BCOR	0.45514187462359845	ncCM-AVC-like	0.29850152	3	Atrial_septal_defect;Malformation_of_the_outflow_tract;Valve_defects
MINK1	0.4544369430890635	aEndocardial	0.13047387	1	PCGC_DeNovoVariants
TGFBR1	0.45414095803287624	WBC	0.55574995	2	Atrial_septal_defect;Familial_thoracic_aortic_aneurysm_and_aortic_dissection
SF3B4	0.44630036604918305	vCM-LV-AV	0.085439794	2	Atrioventricular_septal_defect;Malformation_of_the_outflow_tract
ACTC1	0.44439021452116334	vCM-RV-Compact	1.5367444	4	Atrial_septal_defect;DilatedCardiomyopathy;HypertrophicCardiomyopathy;Ventricular_septal_defect
MED12	0.4383129749651957	vCM-LV-AV	0.08620196	2	Atrial_septal_defect;Valve_defects
SGCD	0.41890804405762544	adFibro	0.9835394	1	DilatedCardiomyopathy
PIGV	0.4181367848305946	VEC	0.024562566	1	Atrial_septal_defect
CHD7	0.41464318731972266	BEC	0.68931603	2	Atrial_septal_defect;PCGC_DeNovoVariants
FOXP1	0.41445153333031987	vEndocardial	0.5999705	4	Atrial_septal_defect;Atrioventricular_septal_defect;Single_ventricle_disease;Valve_defects
PRKD1	0.41438261310812446	adFibro	0.8388195	3	Atrioventricular_septal_defect;Malformation_of_the_outflow_tract;Valve_defects
FLNA	0.4143453901493739	VSMC	0.20882389	4	Atrial_septal_defect;Atrioventricular_septal_defect;Malformation_of_the_outflow_tract;Single_ventricle_disease
PRKG1	0.41094931987023364	Compact vFibro	1.468028	1	Familial_thoracic_aortic_aneurysm_and_aortic_dissection
ZEB2	0.4096308821771232	WBC	1.2804549	4	Atrial_septal_defect;Malformation_of_the_outflow_tract;PCGC_DeNovoVariants;Valve_defects
CAD	0.4041088827888445	adFibro	0.07014253	1	PCGC_DeNovoVariants
FLII	0.3945995154230527	ncCM-AVC-like	0.12703519	1	DilatedCardiomyopathy
NPHP4	0.3926041467488735	Neuronal	0.09862109	2	Atrioventricular_septal_defect;Malformation_of_the_outflow_tract
TMEM260	0.3908982808200665	VEC	0.3148295	3	Malformation_of_the_outflow_tract;Valve_defects;Ventricular_septal_defect
TRAF7	0.38965361542506816	ncCM-AVC-like	0.07881537	3	Atrial_septal_defect;Single_ventricle_disease;Valve_defects
NRAS	0.38795353795101706	vCM-RV-Proliferating	0.16905515	1	Valve_defects
ESCO2	0.3871768465377992	Proliferating vFibro	0.14712794	2	Valve_defects;Ventricular_septal_defect
LAMA4	0.3862049367323547	Compact vFibro	0.9284346	1	DilatedCardiomyopathy
NPHP3	0.38021203789524083	aEndocardial	0.15704048	2	Atrial_septal_defect;Valve_defects
CHD4	0.37905924578619693	vCM-LV-Compact II	0.28889674	4	Atrial_septal_defect;Malformation_of_the_outflow_tract;PCGC_DeNovoVariants;Ventricular_septal_defect
MAP2K1	0.37875804345450836	WBC	0.32038754	2	Atrial_septal_defect;Valve_defects
RIT1	0.3786100721456805	vCM-RV-Compact	0.17665231	3	Atrial_septal_defect;PCGC_DeNovoVariants;Valve_defects
RAD21	0.37850014780669494	vCM-RV-Proliferating	0.7832119	1	Malformation_of_the_outflow_tract
NR6A1	0.3750548759363523	vCM-RV-Proliferating	0.46937805	1	PCGC_DeNovoVariants
SMC3	0.37118864547523517	vCM-RV-Proliferating	0.55751973	3	Atrial_septal_defect;Malformation_of_the_outflow_tract;Valve_defects
DMD	0.3686822797392339	vCM-LV-Hybrid	1.3711648	1	DilatedCardiomyopathy
ACVR2B	0.3626214684066756	ncCM-IFT-like	0.15822689	5	Atrial_septal_defect;Atrioventricular_septal_defect;Malformation_of_the_outflow_tract;Valve_defects;Ventricular_septal_defect
SMG9	0.3609651837759856	vCM-IVS-His	0.07786173	1	Valve_defects
TPM1	0.360070625479226	vCM-RV-Compact	1.5156409	2	DilatedCardiomyopathy;HypertrophicCardiomyopathy
TBX20	0.3515534935737373	Compact vFibro	1.2152765	3	Atrial_septal_defect;Malformation_of_the_outflow_tract;Single_ventricle_disease
PTEN	0.3511560245104059	Pericyte	0.92553943	1	PCGC_DeNovoVariants
HDAC8	0.3353277540023044	aEndocardial	0.12184273	2	Atrial_septal_defect;Ventricular_septal_defect
BAG5	0.3322879762165087	vCM-RV-Hybrid	0.11125661	1	DilatedCardiomyopathy
PSEN1	0.32557765405425354	WBC	0.29532322	1	DilatedCardiomyopathy
ANK3	0.3224369727335334	vCM-LV-Hybrid	1.027583	1	PCGC_DeNovoVariants
PIGL	0.31346652985772605	adFibro	0.21906418	3	Malformation_of_the_outflow_tract;Valve_defects;Ventricular_septal_defect
LMNA	0.3132192606126783	vCM-LV-AV	0.43669343	1	DilatedCardiomyopathy
NOTCH2	0.3039179401566087	Pericyte	0.5444825	3	Atrial_septal_defect;Malformation_of_the_outflow_tract;Valve_defects
FNIP1	0.3028656893987838	vCM-LV-Hybrid	0.18730792	1	HypertrophicCardiomyopathy
TAB2	0.3000310684842967	WBC	0.6652459	3	Atrial_septal_defect;Malformation_of_the_outflow_tract;Valve_defects
NONO	0.28803181624289825	vCM-RV-Proliferating	0.4478195	2	Atrial_septal_defect;Valve_defects
VEZF1	0.2850039621694598	vCM-LV-Compact II	0.29804695	1	DilatedCardiomyopathy
NSD2	0.2829128256624948	vCM-RV-Proliferating	0.5918348	1	PCGC_DeNovoVariants
ZFPM2	0.2827341929337665	adFibro	1.4281145	1	Malformation_of_the_outflow_tract
ABL1	0.28151324872851863	WBC	0.5427185	2	Atrial_septal_defect;Ventricular_septal_defect
FRYL	0.2799574199220567	BEC	0.8211058	1	PCGC_DeNovoVariants
KMT2D	0.275290379983764	BEC	0.15361926	4	Atrial_septal_defect;Malformation_of_the_outflow_tract;PCGC_DeNovoVariants;Valve_defects
ACTB	0.27472110844964215	BEC	0.9489426	1	PCGC_DeNovoVariants
PTPN11	0.2725586758211512	vCM-RV-Compact	0.30501366	3	Atrial_septal_defect;PCGC_DeNovoVariants;Valve_defects
HNRNPK	0.27074672448870124	vCM-RV-Proliferating	0.7534125	3	Atrial_septal_defect;Malformation_of_the_outflow_tract;Valve_defects
TMPO	0.2691506814636905	vCM-LV-Trabecular I	0.5360014	1	DilatedCardiomyopathy
RPL5	0.26761351275882184	vCM-RV-Compact	1.2453682	1	PCGC_DeNovoVariants
GATA4	0.26448134741215495	ncCM-AVC-like	0.77995634	6	Atrial_septal_defect;Atrioventricular_septal_defect;Malformation_of_the_outflow_tract;Single_ventricle_disease;Valve_defects;Ventricular_septal_defect
CTNNB1	0.2593444583469719	BEC	0.7409839	1	PCGC_DeNovoVariants
BMPR2	0.2579672770115131	aEndocardial	0.852088	3	Atrial_septal_defect;Atrioventricular_septal_defect;Malformation_of_the_outflow_tract
INVS	0.2579355468514522	VEC	0.5649417	1	Valve_defects
SMC1A	0.2525199224126985	vCM-RV-Trabecular	0.32844722	3	Atrial_septal_defect;Valve_defects;Ventricular_septal_defect
SMARCB1	0.24811429322336923	ncCM-AVC-like	0.1774946	3	Atrial_septal_defect;Valve_defects;Ventricular_septal_defect
AHNAK	0.24610784873923516	vCM-RV-Proliferating	0.6786887	1	PCGC_DeNovoVariants
MED13L	0.24228260465571383	WBC	1.1992606	1	Malformation_of_the_outflow_tract
FKTN	0.24045772208820992	aEndocardial	0.25609425	1	DilatedCardiomyopathy
GATA6	0.23516614626020693	VIC	0.72020864	5	Atrial_septal_defect;Atrioventricular_septal_defect;Malformation_of_the_outflow_tract;PCGC_DeNovoVariants;Valve_defects
MTO1	0.2307279603891486	vCM-LV-AV	0.102176726	1	HypertrophicCardiomyopathy
GANAB	0.22763515511530208	vEndocardial	0.20455378	1	PCGC_DeNovoVariants
VCL	0.22587554053768655	vCM-RV-Compact	0.6442439	2	DilatedCardiomyopathy;HypertrophicCardiomyopathy
EFTUD2	0.22434224689666565	LEC	0.13770336	1	Atrial_septal_defect
EHMT1	0.2207325795698269	BEC	0.35746762	1	Valve_defects
SMARCA4	0.21799743389122025	Neuronal	0.29521272	3	Atrial_septal_defect;Single_ventricle_disease;Valve_defects
KMT2A	0.21777293358045158	Neuronal	0.3844447	2	Atrial_septal_defect;PCGC_DeNovoVariants
SMAD2	0.21613810351913815	aCM-LA	0.60014045	5	Atrial_septal_defect;Atrioventricular_septal_defect;Malformation_of_the_outflow_tract;PCGC_DeNovoVariants;Valve_defects
KDM6A	0.21533767496519365	ncCM-AVC-like	0.8067274	4	Atrial_septal_defect;Single_ventricle_disease;Valve_defects;Ventricular_septal_defect
RAF1	0.21212187940690577	aCM-LA	0.47233462	5	Atrial_septal_defect;DilatedCardiomyopathy;Malformation_of_the_outflow_tract;PCGC_DeNovoVariants;Valve_defects
PRKACB	0.2089348753026646	Neuronal	0.5917374	1	Atrioventricular_septal_defect
GATAD1	0.20650912065489252	ncCM-AVC-like	0.18639593	1	DilatedCardiomyopathy
NUP188	0.20365622844040607	Neuronal	0.12006084	1	Valve_defects
KRAS	0.20343595214052454	vEndocardial	0.30517167	3	Atrial_septal_defect;Valve_defects;Ventricular_septal_defect
SHOC2	0.20245082095193614	ncCM-AVC-like	0.53258437	3	Atrial_septal_defect;Valve_defects;Ventricular_septal_defect
MAP3K7	0.19922425491758386	vCM-IVS-His	0.42319444	1	Valve_defects
KAT6A	0.19315917419030762	BEC	0.5967231	1	Atrial_septal_defect
KDM5B	0.19232928971526234	VEC	0.46194255	1	PCGC_DeNovoVariants
SMAD3	0.19177645707938676	Compact vFibro	0.38508865	3	Familial_thoracic_aortic_aneurysm_and_aortic_dissection;Single_ventricle_disease;Valve_defects
MEIS2	0.18771796969919632	VIC	1.0918545	5	Atrial_septal_defect;Malformation_of_the_outflow_tract;Single_ventricle_disease;Valve_defects;Ventricular_septal_defect
DGUOK	0.18024587265426925	vCM-LV-AV	0.19488722	1	PCGC_DeNovoVariants
KAT6B	0.17977084083765654	ncCM-AVC-like	0.69405425	1	Atrial_septal_defect
TXNL4A	0.17342611910209502	vCM-LV-Trabecular I	0.20036902	1	Atrial_septal_defect
ANKRD11	0.17125484353001683	BEC	0.671372	4	Atrial_septal_defect;Atrioventricular_septal_defect;Valve_defects;Ventricular_septal_defect
ARID1A	0.17000297000691839	vCM-RV-Proliferating	0.5842105	4	Atrial_septal_defect;Malformation_of_the_outflow_tract;Valve_defects;Ventricular_septal_defect
BRAF	0.16919599237508914	BEC	0.65658283	3	Atrial_septal_defect;PCGC_DeNovoVariants;Valve_defects
UBR1	0.16410714461406029	vCM-LV-Trabecular II	0.55110896	2	Atrial_septal_defect;Malformation_of_the_outflow_tract
SOS1	0.1635515099322018	aEndocardial	0.679664	4	Atrial_septal_defect;PCGC_DeNovoVariants;Valve_defects;Ventricular_septal_defect
KMT2C	0.1618427078604468	WBC	0.9367501	1	PCGC_DeNovoVariants
SMARCE1	0.161192434171849	vCM-RV-Proliferating	0.18817961	2	Atrial_septal_defect;Valve_defects
NF1	0.15695146510195113	VSMC	0.8665728	4	Atrial_septal_defect;Malformation_of_the_outflow_tract;Valve_defects;Ventricular_septal_defect
SETD5	0.15541612791926826	aEndocardial	0.7208748	3	Atrial_septal_defect;Atrioventricular_septal_defect;Valve_defects
PBX1	0.1551746487491136	adFibro	1.1786243	3	Atrial_septal_defect;Malformation_of_the_outflow_tract;Valve_defects
POGZ	0.1530895354080334	VEC	0.5696975	1	PCGC_DeNovoVariants
TSC1	0.15016280886993222	Neuronal	0.19260637	1	PCGC_DeNovoVariants
NSD1	0.14647340420130545	vEndocardial	0.5937325	3	Atrial_septal_defect;PCGC_DeNovoVariants;Valve_defects
NAA15	0.13909199381450182	vEndocardial	0.37475324	1	PCGC_DeNovoVariants
CDK13	0.13461670195689962	aEndocardial	0.6406445	4	Atrial_septal_defect;PCGC_DeNovoVariants;Valve_defects;Ventricular_septal_defect
PRRC2B	0.13135757996761876	ncCM-AVC-like	0.5711142	1	PCGC_DeNovoVariants
RERE	0.13108031896691097	BEC	1.0340834	1	Atrial_septal_defect
NIPBL	0.12597831404118107	WBC	0.93015265	2	Atrial_septal_defect;Ventricular_septal_defect
KANSL1	0.12105811419522824	WBC	0.79860955	2	Atrial_septal_defect;Valve_defects
U2SURP	0.11100095980475477	Pericyte	0.5052521	1	PCGC_DeNovoVariants
SMAD4	0.10932259210219958	vCM-RV-Proliferating	0.28939697	3	Atrial_septal_defect;Malformation_of_the_outflow_tract;Valve_defects
SON	0.10470679683044826	vEndocardial	0.7589683	1	Atrial_septal_defect
RBFOX2	0.09912852096007813	adFibro	0.9718225	2	PCGC_DeNovoVariants;Single_ventricle_disease
KDM5A	0.09031445504516529	vEndocardial	0.48411083	1	PCGC_DeNovoVariants
CREBBP	0.08907315789928348	aEndocardial	0.56494796	3	Atrial_septal_defect;Malformation_of_the_outflow_tract;Valve_defects
ARID1B	0.06315540467945802	aEndocardial	1.029721	2	Atrial_septal_defect;Atrioventricular_septal_defect
CFC1		BEC	0.0	2	Atrioventricular_septal_defect;Malformation_of_the_outflow_tract
NKX2-6		BEC	0.0	2	Malformation_of_the_outflow_tract;Ventricular_septal_defect
